Target,Planet Name,TSM,ESM (5um),Mass (M_J),Mass (M_E),Radius (R_J),Radius (R_E),T_eq,Star SpT,Star Vmag,Event,Mode,Status,Category,Program,PI Name
L168-9,L 168-9 b,0.067,0.013,0.01281,4.07,0.145,1.63,998.0,M0.5 V,11.005,Transit,MIRI.LRS,Archived,COM,1033,Kendrew
HAT-P-14,HAT-P-14 b,0.029,0.148,3.44,1093.3352,1.42,15.917,1624.0,F5 V,9.988,Transit,NIRSPEC.BOTS+G395H,Archived,COM,1118,Proffitt
WASP-80,WASP-80 b,0.363,0.267,0.538,170.99254,0.999,11.198,825.0,K7-M0 V,11.841,Transit,MIRI.LRS,Archived,GTO,1177,Greene
WASP-80,WASP-80 b,0.363,0.267,0.538,170.99254,0.999,11.198,825.0,K7-M0 V,11.841,Eclipse,MIRI.LRS,Archived,GTO,1177,Greene
WASP-69,WASP-69 b,0.788,0.33,0.29,92.1707,1.11,12.442,963.0,K5,9.873,Eclipse,MIRI.LRS,Archived,GTO,1177,Greene
GJ-436,GJ 436 b,0.386,0.079,0.07,22.1,0.372,4.17,686.0,M2.5 V,10.67,Eclipse,MIRI.LRS,Archived,GTO,1177,Greene
GJ-436,GJ 436 b,0.386,0.079,0.07,22.1,0.372,4.17,686.0,M2.5 V,10.67,Eclipse,MIRI.LRS,Archived,GTO,1177,Greene
HAT-P-26,HAT-P-26 b,0.247,0.043,0.07,22.2481,0.63,7.062,1001.0,K1,11.757,Transit,MIRI.LRS,Archived,GTO,1177,Greene
TRAPPIST-1,TRAPPIST-1 h,0.091,0.0,0.00103,0.326,0.067,0.755,172.0,nan,17.02,Eclipse,MIRI.F1500W,Archived,GTO,1177,Greene
TRAPPIST-1,TRAPPIST-1 h,0.091,0.0,0.00103,0.326,0.067,0.755,172.0,nan,17.02,Eclipse,MIRI.F1500W,Archived,GTO,1177,Greene
TRAPPIST-1,TRAPPIST-1 h,0.091,0.0,0.00103,0.326,0.067,0.755,172.0,nan,17.02,Eclipse,MIRI.F1500W,Archived,GTO,1177,Greene
TRAPPIST-1,TRAPPIST-1 h,0.091,0.0,0.00103,0.326,0.067,0.755,172.0,nan,17.02,Eclipse,MIRI.F1500W,Archived,GTO,1177,Greene
TRAPPIST-1,TRAPPIST-1 h,0.091,0.0,0.00103,0.326,0.067,0.755,172.0,nan,17.02,Eclipse,MIRI.F1500W,Archived,GTO,1177,Greene
HD-189733,HD 189733 b,0.753,1.457,1.13,359.1479,1.13,12.666,1209.0,K2 V,7.67,Eclipse,NIRCAM.GRISMR+F444W,Archived,GTO,1185,Greene
WASP-80,WASP-80 b,0.363,0.267,0.538,170.99254,0.999,11.198,825.0,K7-M0 V,11.841,Transit,NIRCAM.GRISMR+F322W2,Archived,GTO,1185,Greene
WASP-80,WASP-80 b,0.363,0.267,0.538,170.99254,0.999,11.198,825.0,K7-M0 V,11.841,Transit,NIRCAM.GRISMR+F444W,Skipped,GTO,1185,Greene
WASP-80,WASP-80 b,0.363,0.267,0.538,170.99254,0.999,11.198,825.0,K7-M0 V,11.841,Transit,NIRCAM.GRISMR+F444W,Archived,GTO,1185,Greene
WASP-80,WASP-80 b,0.363,0.267,0.538,170.99254,0.999,11.198,825.0,K7-M0 V,11.841,Eclipse,NIRCAM.GRISMR+F322W2,Archived,GTO,1185,Greene
WASP-80,WASP-80 b,0.363,0.267,0.538,170.99254,0.999,11.198,825.0,K7-M0 V,11.841,Eclipse,NIRCAM.GRISMR+F444W,Archived,GTO,1185,Greene
WASP-69,WASP-69 b,0.788,0.33,0.29,92.1707,1.11,12.442,963.0,K5,9.873,Eclipse,NIRCAM.GRISMR+F322W2,Archived,GTO,1185,Greene
WASP-69,WASP-69 b,0.788,0.33,0.29,92.1707,1.11,12.442,963.0,K5,9.873,Eclipse,NIRCAM.GRISMR+F444W,Archived,GTO,1185,Greene
WASP-107,WASP-107 b,1.175,0.118,0.096,30.5,0.94,10.536,736.0,K6,11.592,Transit,NIRCAM.GRISMR+F322W2,Archived,GTO,1185,Greene
WASP-107,WASP-107 b,1.175,0.118,0.096,30.5,0.94,10.536,736.0,K6,11.592,Transit,NIRCAM.GRISMR+F444W,Archived,GTO,1185,Greene
GJ-436,GJ 436 b,0.386,0.079,0.07,22.1,0.372,4.17,686.0,M2.5 V,10.67,Eclipse,NIRCAM.GRISMR+F322W2,Archived,GTO,1185,Greene
GJ-436,GJ 436 b,0.386,0.079,0.07,22.1,0.372,4.17,686.0,M2.5 V,10.67,Eclipse,NIRCAM.GRISMR+F444W,Archived,GTO,1185,Greene
GJ-436-offset,-,-,-,-,-,-,-,-,-,-,Eclipse,NIRCAM.GRISMR+F322W2,Archived,GTO,1185,Greene
GJ-436,GJ 436 b,0.0,0.0,0.07,22.1,0.372,4.17,686.0,M2.5 V,10.67,Eclipse,NIRCAM.GRISMR+F444W,Archived,GTO,1185,Greene
GJ-436,GJ 436 b,0.386,0.079,0.07,22.1,0.372,4.17,686.0,M2.5 V,10.67,Eclipse,NIRCAM.GRISMR+F322W2,Archived,GTO,1185,Greene
GJ-436,GJ 436 b,0.386,0.079,0.07,22.1,0.372,4.17,686.0,M2.5 V,10.67,Eclipse,NIRCAM.GRISMR+F444W,Archived,GTO,1185,Greene
GJ-3470,GJ 3470 b,0.386,0.079,0.04373,13.9,0.408,4.57,594.0,M1.5,12.332,Transit,NIRCAM.GRISMR+F322W2,Archived,GTO,1185,Greene
GJ-3470,GJ 3470 b,0.322,0.037,0.04373,13.9,0.408,4.57,594.0,M1.5,12.332,Transit,NIRCAM.GRISMR+F444W,Archived,GTO,1185,Greene
GJ-1214,GJ 1214 b,0.322,0.037,0.02646,8.41,0.244,2.733,567.0,M4 V,15.1,Transit,NIRSPEC.BOTS+G395H,Archived,GTO,1185,Greene
GJ-1214,GJ 1214 b,0.28,0.024,0.02646,8.41,0.244,2.733,567.0,M4 V,15.1,Transit,NIRSPEC.BOTS+G395H,Archived,GTO,1185,Greene
WASP-121,WASP-121 b,0.28,0.024,1.157,367.72747,1.753,19.649,2720.0,F6 V,10.514,PhaseC,NIRISS.SOSS,Archived,GTO,1201,Lafreniere
LTT-9779,LTT 9779 b,0.322,0.54,0.09225,29.32,0.421,4.72,1978.0,G7 V,9.79,PhaseC,NIRISS.SOSS,Archived,GTO,1201,Lafreniere
HATP1,HAT-P-1 b,0.08,0.051,0.525,166.86075,1.319,14.785,1322.0,G0 V,9.827,Transit,NIRISS.SOSS,Archived,GTO,1201,Lafreniere
HAT-P-1,-,-,-,-,-,-,-,-,-,-,Transit,NIRISS.SOSS,Archived,GTO,1201,Lafreniere
WASP-52,WASP-52 b,0.0,0.0,0.46,146.2,1.27,14.24,1315.0,K2 V,12.192,Transit,NIRISS.SOSS,Skipped,GTO,1201,Lafreniere
WASP-127,WASP-127 b,0.0,0.0,0.1647,52.3466,1.311,14.695,1400.0,nan,10.148,Transit,NIRISS.SOSS,Archived,GTO,1201,Lafreniere
WASP-80,WASP-80 b,0.322,0.255,0.538,170.99254,0.999,11.198,825.0,K7-M0 V,11.841,Transit,NIRISS.SOSS,Archived,GTO,1201,Lafreniere
WASP-107,WASP-107 b,1.132,0.296,0.096,30.5,0.94,10.536,736.0,K6,11.592,Transit,NIRISS.SOSS,Archived,GTO,1201,Lafreniere
WASP-107,WASP-107 b,0.363,0.267,0.096,30.5,0.94,10.536,736.0,K6,11.592,Transit,NIRSPEC.BOTS+G395H,Failed,GTO,1201,Lafreniere
WASP-107,WASP-107 b,1.175,0.118,0.096,30.5,0.94,10.536,736.0,K6,11.592,Transit,NIRSPEC.BOTS+G395M,Archived,GTO,1201,Lafreniere
GJ-3470,GJ 3470 b,1.175,0.118,0.04373,13.9,0.408,4.57,594.0,M1.5,12.332,Transit,NIRSPEC.BOTS+G395H,Archived,GTO,1201,Lafreniere
TRAPPIST-1,TRAPPIST-1 h,1.175,0.118,0.00103,0.326,0.067,0.755,172.0,nan,17.02,Transit,NIRISS.SOSS,Archived,GTO,1201,Lafreniere
TRAPPIST-1,TRAPPIST-1 h,0.322,0.037,0.00103,0.326,0.067,0.755,172.0,nan,17.02,Transit,NIRISS.SOSS,Archived,GTO,1201,Lafreniere
TRAPPIST-1,TRAPPIST-1 h,0.091,0.0,0.00103,0.326,0.067,0.755,172.0,nan,17.02,Transit,NIRISS.SOSS,Archived,GTO,1201,Lafreniere
TRAPPIST-1,TRAPPIST-1 h,0.091,0.0,0.00103,0.326,0.067,0.755,172.0,nan,17.02,Transit,NIRISS.SOSS,Archived,GTO,1201,Lafreniere
TRAPPIST-1,TRAPPIST-1 h,0.091,0.0,0.00103,0.326,0.067,0.755,172.0,nan,17.02,Transit,NIRISS.SOSS,Archived,GTO,1201,Lafreniere
TRAPPIST-1,TRAPPIST-1 h,0.091,0.0,0.00103,0.326,0.067,0.755,172.0,nan,17.02,Transit,NIRSPEC.BOTS+PRISM,Archived,GTO,1201,Lafreniere
TRAPPIST-1,TRAPPIST-1 h,0.091,0.0,0.00103,0.326,0.067,0.755,172.0,nan,17.02,Transit,NIRSPEC.BOTS+PRISM,Archived,GTO,1201,Lafreniere
GJ-357,GJ 357 b,0.091,0.0,0.00579,1.84,0.107,1.2,518.0,M2.5 V,10.91,Transit,NIRISS.SOSS,Archived,GTO,1201,Lafreniere
L-98-59,L 98-59 c,0.091,0.0,0.00698,2.22,0.124,1.385,553.0,M3 V,11.685,Transit,NIRISS.SOSS,Failed,GTO,1201,Lafreniere
L-98-59,L 98-59 c,0.157,0.004,0.00698,2.22,0.124,1.385,553.0,M3 V,11.685,Transit,NIRISS.SOSS,FlightReady,GTO,1201,Lafreniere
L-98-59,L 98-59 c,0.166,0.004,0.00698,2.22,0.124,1.385,553.0,M3 V,11.685,Transit,NIRISS.SOSS,Archived,GTO,1201,Lafreniere
LP-791-18,LP 791-18 c,0.166,0.004,0.02234,7.1,0.218,2.438,324.0,M(6.1 +/- 0.7) V,16.91,Transit,NIRSPEC.BOTS+PRISM,Archived,GTO,1201,Lafreniere
WASP-52,WASP-52 b,0.166,0.004,0.46,146.2,1.27,14.24,1315.0,K2 V,12.192,Transit,NIRISS.SOSS,Archived,GTO,1201,Lafreniere
L98-59,L 98-59 c,0.107,0.001,0.00698,2.22,0.124,1.385,553.0,M3 V,11.685,Transit,NIRSPEC.BOTS+G395H,Archived,GTO,1224,Birkmann
WASP-43,WASP-43 b,0.322,0.255,1.78,565.714,0.93,10.424,1427.0,K7 V,12.305,PhaseC,NIRSPEC.BOTS+G395H,Archived,GTO,1224,Birkmann
WASP-107,WASP-107 b,0.166,0.004,0.096,30.5,0.94,10.536,736.0,K6,11.592,Transit,NIRSPEC.BOTS+G395H,Archived,GTO,1224,Birkmann
WASP-52,WASP-52 b,0.072,0.383,0.46,146.2,1.27,14.24,1315.0,K2 V,12.192,Eclipse,NIRSPEC.BOTS+PRISM,Archived,GTO,1224,Birkmann
HD189733,-,-,-,-,-,-,-,-,-,-,Eclipse,NIRCAM.GRISMR+F322W2,Archived,GTO,1274,Lunine
HD209458,HD 209458 b,0.322,0.255,0.73,232.0159,1.39,15.581,1459.0,G0 V,7.65,Transit,NIRCAM.GRISMR+F322W2,Archived,GTO,1274,Lunine
HD209458,HD 209458 b,0.0,0.0,0.73,232.0159,1.39,15.581,1459.0,G0 V,7.65,Transit,NIRCAM.GRISMR+F444W,Archived,GTO,1274,Lunine
HD149026,HD 149026 b,0.0,0.0,0.38,120.7754,0.74,8.295,1626.0,G0,8.15,Transit,NIRCAM.GRISMR+F322W2,Archived,GTO,1274,Lunine
HD149026,HD 149026 b,0.985,1.008,0.38,120.7754,0.74,8.295,1626.0,G0,8.15,Transit,NIRCAM.GRISMR+F444W,Archived,GTO,1274,Lunine
WASP-19,WASP-19 b,0.985,1.008,1.154,366.77398,1.415,15.861,2113.0,G8 V,12.248,Eclipse,NIRSPEC.BOTS+PRISM,Archived,GTO,1274,Lunine
WASP-77A,WASP-77 A b,0.184,0.207,1.667,529.81995,1.23,13.787,1715.0,G8 V,10.294,Eclipse,NIRSPEC.BOTS+G395H,Archived,GTO,1274,Lunine
GJ1132,GJ 1132 b,0.184,0.207,0.00578,1.83705,0.106,1.192,584.0,M4.5 V,13.68,Eclipse,MIRI.LRS,Archived,GTO,1274,Lunine
TRAPPIST-1,-,-,-,-,-,-,-,-,-,-,Eclipse,MIRI.F1280W,Skipped,GTO,1279,Lagage
TRAPPIST-1,-,-,-,-,-,-,-,-,-,-,Eclipse,MIRI.F1280W,Archived,GTO,1279,Lagage
TRAPPIST-1,-,-,-,-,-,-,-,-,-,-,Eclipse,MIRI.F1280W,Archived,GTO,1279,Lagage
TRAPPIST-1,-,-,-,-,-,-,-,-,-,-,Eclipse,MIRI.F1280W,Archived,GTO,1279,Lagage
TRAPPIST-1,-,-,-,-,-,-,-,-,-,-,Eclipse,MIRI.F1280W,Archived,GTO,1279,Lagage
TRAPPIST-1,-,-,-,-,-,-,-,-,-,-,Eclipse,MIRI.F1280W,Archived,GTO,1279,Lagage
WASP-107,WASP-107 b,0.0,0.0,0.096,30.5,0.94,10.536,736.0,K6,11.592,Transit,MIRI.LRS,Archived,GTO,1280,Lagage
HAT-P-12,HAT-P-12 b,0.0,0.0,0.211,67.059,0.959,10.749,963.0,K4,12.665,Transit,MIRI.LRS,Archived,GTO,1281,Lagage
HAT-P-12,HAT-P-12 b,0.0,0.0,0.211,67.059,0.959,10.749,963.0,K4,12.665,Transit,NIRSPEC.BOTS+G395M,Archived,GTO,1281,Lagage
HAT-P-12,HAT-P-12 b,0.0,0.0,0.211,67.059,0.959,10.749,963.0,K4,12.665,Transit,NIRISS.SOSS,Archived,GTO,1281,Lagage
HAT-P-26,HAT-P-26 b,0.0,0.0,0.07,22.2481,0.63,7.062,1001.0,K1,11.757,Transit,NIRISS.SOSS,Archived,GTO,1312,Lewis
HAT-P-26,HAT-P-26 b,0.0,0.0,0.07,22.2481,0.63,7.062,1001.0,K1,11.757,Transit,NIRSPEC.BOTS+G395H,Archived,GTO,1312,Lewis
HAT-P-26,HAT-P-26 b,0.0,0.0,0.07,22.2481,0.63,7.062,1001.0,K1,11.757,Eclipse,NIRSPEC.BOTS+G395H,Skipped,GTO,1312,Lewis
HAT-P-26,HAT-P-26 b,0.0,0.0,0.07,22.2481,0.63,7.062,1001.0,K1,11.757,Eclipse,NIRSPEC.BOTS+G395H,Archived,GTO,1312,Lewis
HAT-P-26,HAT-P-26 b,0.0,0.0,0.07,22.2481,0.63,7.062,1001.0,K1,11.757,Eclipse,MIRI.LRS,Archived,GTO,1312,Lewis
TRAPPIST-1,TRAPPIST-1 h,1.175,0.118,0.00103,0.326,0.067,0.755,172.0,nan,17.02,Transit,NIRSPEC.BOTS+PRISM,Archived,GTO,1331,Lewis
TRAPPIST-1,TRAPPIST-1 h,0.314,0.106,0.00103,0.326,0.067,0.755,172.0,nan,17.02,Transit,NIRSPEC.BOTS+PRISM,Archived,GTO,1331,Lewis
TRAPPIST-1,TRAPPIST-1 h,0.314,0.106,0.00103,0.326,0.067,0.755,172.0,nan,17.02,Transit,NIRSPEC.BOTS+PRISM,Archived,GTO,1331,Lewis
TRAPPIST-1,TRAPPIST-1 h,0.314,0.106,0.00103,0.326,0.067,0.755,172.0,nan,17.02,Transit,NIRSPEC.BOTS+PRISM,Skipped,GTO,1331,Lewis
TRAPPIST-1,TRAPPIST-1 h,0.247,0.043,0.00103,0.326,0.067,0.755,172.0,nan,17.02,Transit,NIRSPEC.BOTS+PRISM,Archived,GTO,1331,Lewis
WASP-17,WASP-17 b,0.247,0.043,0.78,247.9074,1.87,20.961,1755.0,F4,11.588,Transit,NIRISS.SOSS,Failed,GTO,1353,Lewis
WASP-17,WASP-17 b,0.247,0.043,0.78,247.9074,1.87,20.961,1755.0,F4,11.588,Transit,NIRISS.SOSS,Archived,GTO,1353,Lewis
WASP-17,WASP-17 b,0.247,0.043,0.78,247.9074,1.87,20.961,1755.0,F4,11.588,Eclipse,NIRISS.SOSS,Archived,GTO,1353,Lewis
WASP-17,WASP-17 b,0.247,0.043,0.78,247.9074,1.87,20.961,1755.0,F4,11.588,Transit,NIRSPEC.BOTS+G395H,Archived,GTO,1353,Lewis
WASP-17,WASP-17 b,0.091,0.0,0.78,247.9074,1.87,20.961,1755.0,F4,11.588,Eclipse,NIRSPEC.BOTS+G395H,Archived,GTO,1353,Lewis
WASP-17,WASP-17 b,0.091,0.0,0.78,247.9074,1.87,20.961,1755.0,F4,11.588,Transit,MIRI.LRS,Archived,GTO,1353,Lewis
WASP-17,WASP-17 b,0.091,0.0,0.78,247.9074,1.87,20.961,1755.0,F4,11.588,Eclipse,MIRI.LRS,Archived,GTO,1353,Lewis
WASP-39,WASP-39 b,0.091,0.0,0.28,88.989,1.332,14.93,1166.0,nan,12.095,Transit,NIRISS.SOSS,Archived,ERS,1366,Batalha
WASP-39,WASP-39 b,0.091,0.0,0.28,88.989,1.332,14.93,1166.0,nan,12.095,Transit,NIRCAM.GRISMR+F322W2,Archived,ERS,1366,Batalha
WASP-39,WASP-39 b,0.321,0.274,0.28,88.989,1.332,14.93,1166.0,nan,12.095,Transit,NIRSPEC.BOTS+G395H,Archived,ERS,1366,Batalha
WASP-39,WASP-39 b,0.321,0.274,0.28,88.989,1.332,14.93,1166.0,nan,12.095,Transit,NIRSPEC.BOTS+PRISM,Archived,ERS,1366,Batalha
WASP-43,WASP-43 b,0.321,0.274,1.78,565.714,0.93,10.424,1427.0,K7 V,12.305,PhaseC,MIRI.LRS,Archived,ERS,1366,Batalha
WASP-18,WASP-18 b,0.321,0.274,10.2,3241.84975,1.24,13.899,2429.0,F6 IV-V,9.28,Eclipse,NIRISS.SOSS,Archived,ERS,1366,Batalha
HAT-P-14,HAT-P-14 b,0.321,0.274,3.44,1093.3352,1.42,15.917,1624.0,F5 V,9.988,Transit,NIRCAM.GRISMR+F322W2,Archived,COM,1442,Schlawin
WASP-18,WASP-18 b,0.321,0.274,10.2,3241.84975,1.24,13.899,2429.0,F6 IV-V,9.28,Transit,NIRCAM.GRISMR+F322W2,Withdrawn,COM,1442,Schlawin
HAT-P-14,HAT-P-14 b,0.321,0.274,3.44,1093.3352,1.42,15.917,1624.0,F5 V,9.988,Transit,NIRISS.SOSS,Archived,COM,1541,Espinoza
WASP-18,WASP-18 b,0.462,0.161,10.2,3241.84975,1.24,13.899,2429.0,F6 IV-V,9.28,Transit,NIRISS.SOSS,Withdrawn,COM,1541,Espinoza
K2-34,K2-34 b,0.462,0.161,1.698,539.67534,1.227,13.75,1687.0,F,11.447,Transit,NIRISS.SOSS,Withdrawn,COM,1541,Espinoza
WASP-164,WASP-164 b,0.462,0.161,2.13,676.9779,1.128,12.644,1610.0,G2 V,12.603,Transit,NIRISS.SOSS,Withdrawn,COM,1541,Espinoza
HD-189733,HD 189733 b,0.462,0.161,1.13,359.1479,1.13,12.666,1209.0,K2 V,7.67,Transit,MIRI.MRS,Archived,GO,1633,Deming
HD-189733,HD 189733 b,0.072,0.383,1.13,359.1479,1.13,12.666,1209.0,K2 V,7.67,Transit,MIRI.MRS,Archived,GO,1633,Deming
HD-189733,HD 189733 b,0.025,0.555,1.13,359.1479,1.13,12.666,1209.0,K2 V,7.67,Transit,MIRI.MRS,Archived,GO,1633,Deming
HD-189733,HD 189733 b,0.029,0.148,1.13,359.1479,1.13,12.666,1209.0,K2 V,7.67,Transit,NIRCAM.GRISMR+F322W2,Archived,GO,1633,Deming
HD-189733,HD 189733 b,0.025,0.555,1.13,359.1479,1.13,12.666,1209.0,K2 V,7.67,Transit,NIRCAM.GRISMR+F444W,Archived,GO,1633,Deming
WASP-121,WASP-121 b,0.029,0.148,1.157,367.72747,1.753,19.649,2720.0,F6 V,10.514,PhaseC,NIRSPEC.BOTS+G395H,Archived,GO,1729,Mikal-Evans
GL486,GJ 486 b,0.025,0.555,0.00872,2.77,0.115,1.289,696.0,M3.5 V,11.39,Eclipse,MIRI.LRS,Archived,GO,1743,WeinerMansfield
GL486,GJ 486 b,0.035,0.105,0.00872,2.77,0.115,1.289,696.0,M3.5 V,11.39,Eclipse,MIRI.LRS,Archived,GO,1743,WeinerMansfield
GJ1214,GJ 1214 b,0.027,0.115,0.02646,8.41,0.244,2.733,567.0,M4 V,15.1,PhaseC,MIRI.LRS,Archived,GO,1803,Bean
LHS-3844,LHS 3844 b,0.753,1.457,0.00708,2.25,0.116,1.303,805.0,M5,15.24,Eclipse,MIRI.LRS,Archived,GO,1846,Kreidberg
LHS-3844,LHS 3844 b,0.753,1.457,0.00708,2.25,0.116,1.303,805.0,M5,15.24,Eclipse,MIRI.LRS,Failed,GO,1846,Kreidberg
LHS-3844,LHS 3844 b,0.753,1.457,0.00708,2.25,0.116,1.303,805.0,M5,15.24,Eclipse,MIRI.LRS,Archived,GO,1846,Kreidberg
LHS-3844,LHS 3844 b,0.753,1.457,0.00708,2.25,0.116,1.303,805.0,M5,15.24,Eclipse,MIRI.LRS,Archived,GO,1846,Kreidberg
TOI-421,TOI-421 c,0.753,1.457,0.04436,14.1,0.454,5.09,635.0,G9 V,9.931,Transit,NIRISS.SOSS,Archived,GO,1935,Kempton
TOI-421,TOI-421 c,0.322,0.54,0.04436,14.1,0.454,5.09,635.0,G9 V,9.931,Transit,NIRSPEC.BOTS+G395M,Archived,GO,1935,Kempton
RHO01-CNC,-,-,-,-,-,-,-,-,-,-,Eclipse,NIRCAM.GRISMR+F444W,Archived,GO,1952,Hu
RHO01-CNC,-,-,-,-,-,-,-,-,-,-,Eclipse,MIRI.LRS,Archived,GO,1952,Hu
GJ-4102,LHS 475 b,0.28,0.024,0.00296,0.941,0.088,0.991,586.0,M3.5 V,13.0,Transit,NIRSPEC.BOTS+G395H,Archived,GO,1981,Stevenson
GJ-4102,LHS 475 b,0.14,0.017,0.00296,0.941,0.088,0.991,586.0,M3.5 V,13.0,Transit,NIRSPEC.BOTS+G395H,Skipped,GO,1981,Stevenson
GJ-4102,LHS 475 b,0.14,0.017,0.00296,0.941,0.088,0.991,586.0,M3.5 V,13.0,Transit,NIRSPEC.BOTS+G395H,Collecting,GO,1981,Stevenson
GJ-4102A,LHS 475 b,0.14,0.017,0.00296,0.941,0.088,0.991,586.0,M3.5 V,13.0,Transit,NIRSPEC.BOTS+G395H,Failed,GO,1981,Stevenson
GJ-4102,LHS 475 b,0.14,0.017,0.00296,0.941,0.088,0.991,586.0,M3.5 V,13.0,Transit,NIRSPEC.BOTS+G395H,Archived,GO,1981,Stevenson
WOLF-437,GJ 486 b,0.207,0.013,0.00872,2.77,0.115,1.289,696.0,M3.5 V,11.39,Transit,NIRSPEC.BOTS+G395H,Archived,GO,1981,Stevenson
WOLF-437,GJ 486 b,0.207,0.013,0.00872,2.77,0.115,1.289,696.0,M3.5 V,11.39,Transit,NIRSPEC.BOTS+G395H,Archived,GO,1981,Stevenson
GJ-1132,GJ 1132 b,0.0,0.0,0.00578,1.83705,0.106,1.192,584.0,M4.5 V,13.68,Transit,NIRSPEC.BOTS+G395H,Archived,GO,1981,Stevenson
GJ-1132,GJ 1132 b,0.0,0.0,0.00578,1.83705,0.106,1.192,584.0,M4.5 V,13.68,Transit,NIRSPEC.BOTS+G395H,Archived,GO,1981,Stevenson
GJ-1132,GJ 1132 b,0.0,0.0,0.00578,1.83705,0.106,1.192,584.0,M4.5 V,13.68,Transit,NIRSPEC.BOTS+G395M,Archived,GO,1981,Stevenson
GJ-1132,GJ 1132 b,0.0,0.0,0.00578,1.83705,0.106,1.192,584.0,M4.5 V,13.68,Transit,NIRSPEC.BOTS+G395M,Archived,GO,1981,Stevenson
GJ-341,-,-,-,-,-,-,-,-,-,-,Transit,NIRCAM.GRISMR+F444W,Archived,GO,1981,Stevenson
GJ-341,-,-,-,-,-,-,-,-,-,-,Transit,NIRCAM.GRISMR+F444W,Archived,GO,1981,Stevenson
GJ-341,-,-,-,-,-,-,-,-,-,-,Transit,NIRCAM.GRISMR+F444W,Archived,GO,1981,Stevenson
TRAPPIST-1,TRAPPIST-1 h,0.113,0.003,0.00103,0.326,0.067,0.755,172.0,nan,17.02,Transit,NIRSPEC.BOTS+PRISM,Archived,GO,1981,Stevenson
TRAPPIST-1,TRAPPIST-1 h,0.113,0.003,0.00103,0.326,0.067,0.755,172.0,nan,17.02,Transit,NIRSPEC.BOTS+PRISM,Archived,GO,1981,Stevenson
HD-189733,HD 189733 b,0.167,0.016,1.13,359.1479,1.13,12.666,1209.0,K2 V,7.67,Transit,MIRI.LRS,Archived,GO,2001,Min
HD-80606,HD 80606 b,0.167,0.016,4.38,1392.0954,1.07,11.994,405.0,G5,9.06,PhaseC,MIRI.LRS,Implementation,GO,2008,Kataria
HD-189733,HD 189733 b,0.124,0.005,1.13,359.1479,1.13,12.666,1209.0,K2 V,7.67,Eclipse,MIRI.LRS,Failed,GO,2021,Kilpatrick
HD-189733,HD 189733 b,0.124,0.005,1.13,359.1479,1.13,12.666,1209.0,K2 V,7.67,Eclipse,MIRI.LRS,Archived,GO,2021,Kilpatrick
HD-189733,HD 189733 b,0.124,0.005,1.13,359.1479,1.13,12.666,1209.0,K2 V,7.67,Eclipse,MIRI.LRS,Archived,GO,2021,Kilpatrick
HD-134004,WASP-178 b,0.124,0.005,1.66,527.5978,1.81,20.288,2470.0,A1 IV-V,9.946,Transit,NIRSPEC.BOTS+G395H,Archived,GO,2055,Lothringer
WASP-166,WASP-166 b,0.0,0.0,0.101,32.10083,0.63,7.062,1270.0,F9 V,9.351,Transit,NIRISS.SOSS,Skipped,GO,2062,Mayo
WASP-166,WASP-166 b,0.0,0.0,0.101,32.10083,0.63,7.062,1270.0,F9 V,9.351,Transit,NIRISS.SOSS,Archived,GO,2062,Mayo
WASP-166,WASP-166 b,0.0,0.0,0.101,32.10083,0.63,7.062,1270.0,F9 V,9.351,Transit,NIRSPEC.BOTS+G395M,Failed,GO,2062,Mayo
WASP-166,WASP-166 b,0.0,0.0,0.101,32.10083,0.63,7.062,1270.0,F9 V,9.351,Transit,NIRSPEC.BOTS+G395M,Archived,GO,2062,Mayo
55CNC,55 Cnc e,0.0,0.0,0.02514,7.99,0.167,1.875,1958.0,G8 V,5.95084,Eclipse,NIRCAM.GRISMR+F444W,Archived,GO,2084,Brandeker
55CNC,55 Cnc e,0.0,0.0,0.02514,7.99,0.167,1.875,1958.0,G8 V,5.95084,Eclipse,NIRCAM.GRISMR+F444W,Archived,GO,2084,Brandeker
55CNC,55 Cnc e,0.091,0.0,0.02514,7.99,0.167,1.875,1958.0,G8 V,5.95084,Eclipse,NIRCAM.GRISMR+F444W,Archived,GO,2084,Brandeker
55CNC,55 Cnc e,0.091,0.0,0.02514,7.99,0.167,1.875,1958.0,G8 V,5.95084,Eclipse,NIRCAM.GRISMR+F444W,Skipped,GO,2084,Brandeker
55CNC,55 Cnc e,0.753,1.457,0.02514,7.99,0.167,1.875,1958.0,G8 V,5.95084,Eclipse,NIRCAM.GRISMR+F444W,Archived,GO,2084,Brandeker
CD-38-2551,WASP-63 b,0.033,0.011,0.37,117.5971,1.41,15.805,1470.0,nan,11.155,Transit,NIRISS.SOSS,Archived,GO,2113,Espinoza
V-V1298-TAU,V1298 Tau e,0.753,1.457,1.01,321.00669,0.89,9.976,492.0,K1,10.115,Transit,NIRSPEC.BOTS+G395H,Archived,GO,2149,Desert
V-V1298-TAU,V1298 Tau e,0.753,1.457,1.01,321.00669,0.89,9.976,492.0,K1,10.115,Transit,NIRSPEC.BOTS+G395H,Archived,GO,2149,Desert
NGTS-10,NGTS-10 b,0.753,1.457,2.162,687.14846,1.205,13.507,1332.0,K5 V,14.506,PhaseC,NIRSPEC.BOTS+PRISM,Archived,GO,2158,Parmentier
K2-141,K2-141 b,0.178,0.284,0.01564,4.97,0.135,1.51,2103.0,K7 V,11.454,Transit,NIRSPEC.BOTS+G395H,Archived,GO,2159,Espinoza
TRAPPIST-1,TRAPPIST-1 h,0.263,0.07,0.00103,0.326,0.067,0.755,172.0,nan,17.02,Eclipse,MIRI.F1500W,Archived,GO,2304,Kreidberg
TRAPPIST-1,TRAPPIST-1 h,0.263,0.07,0.00103,0.326,0.067,0.755,172.0,nan,17.02,Eclipse,MIRI.F1500W,Archived,GO,2304,Kreidberg
TRAPPIST-1,TRAPPIST-1 h,0.263,0.07,0.00103,0.326,0.067,0.755,172.0,nan,17.02,Eclipse,MIRI.F1500W,Archived,GO,2304,Kreidberg
TRAPPIST-1,TRAPPIST-1 h,0.263,0.07,0.00103,0.326,0.067,0.755,172.0,nan,17.02,Eclipse,MIRI.F1500W,Archived,GO,2304,Kreidberg
TOI-178,TOI-178 e,0.212,0.098,0.01214,3.86,0.197,2.207,600.0,K,11.955,Transit,NIRSPEC.BOTS+G395M,Archived,GO,2319,Hooton
TOI-178,TOI-178 e,0.212,0.098,0.01214,3.86,0.197,2.207,600.0,K,11.955,Transit,NIRSPEC.BOTS+G395M,Skipped,GO,2319,Hooton
TOI-178,TOI-178 e,0.212,0.098,0.01214,3.86,0.197,2.207,600.0,K,11.955,Transit,NIRSPEC.BOTS+G395M,Archived,GO,2319,Hooton
TOI-178,TOI-178 e,0.212,0.098,0.01214,3.86,0.197,2.207,600.0,K,11.955,Transit,NIRSPEC.BOTS+G395M,Archived,GO,2319,Hooton
G-268-38,LHS 1140 b,0.212,0.098,0.01762,5.6,0.154,1.73,226.0,M4.5 V,14.15,Transit,NIRSPEC.BOTS+G395H,Archived,GO,2334,Damiano
G-268-38,LHS 1140 b,0.271,0.161,0.01762,5.6,0.154,1.73,226.0,M4.5 V,14.15,Transit,NIRSPEC.BOTS+G235H,Archived,GO,2334,Damiano
K2-141,K2-141 c,0.035,0.017,0.02517,8.0,0.624,7.0,695.0,K7 V,11.454,PhaseC,MIRI.LRS,Archived,GO,2347,Dang
WD1856,-,-,-,-,-,-,-,-,-,-,Transit,NIRSPEC.BOTS+PRISM,Archived,GO,2358,MacDonald
WD1856,-,-,-,-,-,-,-,-,-,-,Transit,NIRSPEC.BOTS+PRISM,Archived,GO,2358,MacDonald
WD1856,-,-,-,-,-,-,-,-,-,-,Transit,NIRSPEC.BOTS+PRISM,Skipped,GO,2358,MacDonald
WD1856,-,-,-,-,-,-,-,-,-,-,Transit,NIRSPEC.BOTS+PRISM,Archived,GO,2358,MacDonald
WD-1856+534-,WD 1856+534 b,0.091,0.0,13.8,4386.054,0.928,10.4,163.0,nan,17.244,Transit,NIRSPEC.BOTS+PRISM,Archived,GO,2358,MacDonald
K2-18,K2-18 b,0.091,0.0,0.02807,8.92,0.211,2.37,284.0,M2.5 V,13.477,Transit,NIRSPEC.BOTS+G235H,Archived,GO,2372,Hu
K2-18,K2-18 b,0.091,0.0,0.02807,8.92,0.211,2.37,284.0,M2.5 V,13.477,Transit,NIRSPEC.BOTS+G235H,Implementation,GO,2372,Hu
K2-18,K2-18 b,0.069,0.002,0.02807,8.92,0.211,2.37,284.0,M2.5 V,13.477,Transit,NIRSPEC.BOTS+G395H,Failed,GO,2372,Hu
K2-18,K2-18 b,0.069,0.002,0.02807,8.92,0.211,2.37,284.0,M2.5 V,13.477,Transit,NIRSPEC.BOTS+G395H,Archived,GO,2372,Hu
K2-18,K2-18 b,0.069,0.002,0.02807,8.92,0.211,2.37,284.0,M2.5 V,13.477,Transit,NIRSPEC.BOTS+G395H,FlightReady,GO,2372,Hu
K2-18,K2-18 b,0.069,0.002,0.02807,8.92,0.211,2.37,284.0,M2.5 V,13.477,Transit,NIRSPEC.BOTS+G395H,Implementation,GO,2372,Hu
K2-18,K2-18 b,0.064,0.0,0.02807,8.92,0.211,2.37,284.0,M2.5 V,13.477,Transit,NIRSPEC.BOTS+G395H,Implementation,GO,2372,Hu
TRAPPIST-1,TRAPPIST-1 h,0.064,0.0,0.00103,0.326,0.067,0.755,172.0,nan,17.02,Transit,NIRSPEC.BOTS+PRISM,Archived,GO,2420,Rathcke
TRAPPIST-1,TRAPPIST-1 h,-1.0,-1.0,0.00103,0.326,0.067,0.755,172.0,nan,17.02,Transit,NIRSPEC.BOTS+PRISM,Failed,GO,2420,Rathcke
TRAPPIST-1,TRAPPIST-1 h,0.0,0.0,0.00103,0.326,0.067,0.755,172.0,nan,17.02,Transit,NIRSPEC.BOTS+PRISM,Archived,GO,2420,Rathcke
TRAPPIST-1,TRAPPIST-1 h,0.0,0.0,0.00103,0.326,0.067,0.755,172.0,nan,17.02,Transit,NIRSPEC.BOTS+PRISM,Archived,GO,2420,Rathcke
TRAPPIST-1,TRAPPIST-1 h,0.0,0.0,0.00103,0.326,0.067,0.755,172.0,nan,17.02,Transit,NIRSPEC.BOTS+PRISM,Archived,GO,2420,Rathcke
WASP-127,WASP-127 b,0.0,0.0,0.1647,52.3466,1.311,14.695,1400.0,nan,10.148,Transit,NIRSPEC.BOTS+G395H,Archived,GO,2437,Pelletier
KEPLER-51,Kepler-51 d,0.0,0.0,0.024,7.6,0.865,9.7,381.0,nan,14.885,Transit,NIRSPEC.BOTS+PRISM,Archived,GO,2454,Gao
HD-80606,HD 80606 b,0.0,0.0,4.38,1392.0954,1.07,11.994,405.0,G5,9.06,PhaseC,NIRSPEC.BOTS+G395H,Archived,GO,2488,Sikora
HIP67522,HIP 67522 c,0.0,0.0,0.152,48.3,0.708,7.936,917.0,G1 V,9.79,Transit,NIRSPEC.BOTS+G395H,Archived,GO,2498,Mann
LP-141-14,WD 1856+534 b,0.0,0.0,13.8,4386.054,0.928,10.4,163.0,nan,17.244,Transit,NIRSPEC.BOTS+G395M,Archived,GO,2507,Vanderburg
CD-45-5378,GJ 367 b,0.069,0.0,0.00199,0.633,0.062,0.699,1365.0,M1.0 V,10.153,Transit,MIRI.LRS,Archived,GO,2508,Zhang
TOI-260,TOI-260 b,0.04,0.0,0.01331,4.23,0.153,1.71,493.0,K8 V,9.9,Transit,NIRSPEC.BOTS+G395H,Archived,GO,2512,Batalha
TOI-260,TOI-260 b,0.04,0.0,0.01331,4.23,0.153,1.71,493.0,K8 V,9.9,Transit,NIRSPEC.BOTS+G395H,Archived,GO,2512,Batalha
TOI-776,TOI-776 c,0.04,0.0,0.02171,6.9,0.183,2.047,420.0,M1 V,11.536,Transit,NIRSPEC.BOTS+G395H,Archived,GO,2512,Batalha
TOI-776,TOI-776 c,0.04,0.0,0.02171,6.9,0.183,2.047,420.0,M1 V,11.536,Transit,NIRSPEC.BOTS+G395H,Archived,GO,2512,Batalha
TOI-776,TOI-776 c,0.04,0.0,0.02171,6.9,0.183,2.047,420.0,M1 V,11.536,Transit,NIRSPEC.BOTS+G395H,Archived,GO,2512,Batalha
TOI-776,TOI-776 c,0.04,0.0,0.02171,6.9,0.183,2.047,420.0,M1 V,11.536,Transit,NIRSPEC.BOTS+G395H,Archived,GO,2512,Batalha
TOI-562,GJ 357 b,0.04,0.0,0.00579,1.84,0.107,1.2,518.0,M2.5 V,10.91,Transit,NIRSPEC.BOTS+G395H,Archived,GO,2512,Batalha
TOI-836,TOI-836 c,0.091,0.0,0.0302,9.6,0.231,2.587,665.0,K V,9.92,Transit,NIRSPEC.BOTS+G395H,Archived,GO,2512,Batalha
TOI-836,TOI-836 c,0.091,0.0,0.0302,9.6,0.231,2.587,665.0,K V,9.92,Transit,NIRSPEC.BOTS+G395H,Archived,GO,2512,Batalha
TOI-836,TOI-836 c,0.091,0.0,0.0302,9.6,0.231,2.587,665.0,K V,9.92,Transit,NIRSPEC.BOTS+G395H,Archived,GO,2512,Batalha
TOI-134,L 168-9 b,0.091,0.0,0.01281,4.07,0.145,1.63,998.0,M0.5 V,11.005,Transit,NIRSPEC.BOTS+G395H,Archived,GO,2512,Batalha
TOI-134,L 168-9 b,0.091,0.0,0.01281,4.07,0.145,1.63,998.0,M0.5 V,11.005,Transit,NIRSPEC.BOTS+G395H,Archived,GO,2512,Batalha
TOI-134,L 168-9 b,1.132,0.296,0.01281,4.07,0.145,1.63,998.0,M0.5 V,11.005,Transit,NIRSPEC.BOTS+G395H,Archived,GO,2512,Batalha
TOI-455,LTT 1445 A b,0.212,0.0,0.00859,2.73,0.105,1.18,555.0,M3.0,10.59,Transit,NIRSPEC.BOTS+G395H,Archived,GO,2512,Batalha
TOI-455-revised,-,-,-,-,-,-,-,-,-,-,Transit,NIRSPEC.BOTS+G395H,Failed,GO,2512,Batalha
TOI-455-revised,-,-,-,-,-,-,-,-,-,-,Transit,NIRSPEC.BOTS+G395H,Implementation,GO,2512,Batalha
TOI-175,L 98-59 c,0.069,0.0,0.00698,2.22,0.124,1.385,553.0,M3 V,11.685,Transit,NIRSPEC.BOTS+G395H,Archived,GO,2512,Batalha
TOI-175,L 98-59 c,0.113,0.014,0.00698,2.22,0.124,1.385,553.0,M3 V,11.685,Transit,NIRSPEC.BOTS+G395H,Archived,GO,2512,Batalha
TOI-402,HD 15337 b,0.065,0.002,0.02363,7.51,0.146,1.64,1001.0,K1 V,9.1,Transit,NIRSPEC.BOTS+G395H,Archived,GO,2512,Batalha
TOI-402,HD 15337 b,0.065,0.002,0.02363,7.51,0.146,1.64,1001.0,K1 V,9.1,Transit,NIRSPEC.BOTS+G395H,Archived,GO,2512,Batalha
TOI-402,HD 15337 b,0.053,0.001,0.02363,7.51,0.146,1.64,1001.0,K1 V,9.1,Transit,NIRSPEC.BOTS+G395H,Archived,GO,2512,Batalha
KEPLER-51,Kepler-51 e,0.053,0.001,0.01699,5.4,0.195,2.18,nan,nan,14.885,PhaseC,NIRSPEC.BOTS+PRISM,Archived,GO,2571,Libby-Roberts
TRAPPIST-1,TRAPPIST-1 h,0.053,0.001,0.00103,0.326,0.067,0.755,172.0,nan,17.02,Transit,NIRISS.SOSS,Archived,GO,2589,Lim
TRAPPIST-1,TRAPPIST-1 h,0.053,0.001,0.00103,0.326,0.067,0.755,172.0,nan,17.02,Transit,NIRISS.SOSS,Archived,GO,2589,Lim
TRAPPIST-1,TRAPPIST-1 h,0.157,0.004,0.00103,0.326,0.067,0.755,172.0,nan,17.02,Transit,NIRISS.SOSS,Archived,GO,2589,Lim
TRAPPIST-1,TRAPPIST-1 h,0.108,0.01,0.00103,0.326,0.067,0.755,172.0,nan,17.02,Transit,NIRISS.SOSS,Archived,GO,2589,Lim
TRAPPIST-1,TRAPPIST-1 h,0.108,0.01,0.00103,0.326,0.067,0.755,172.0,nan,17.02,Transit,NIRSPEC.BOTS+PRISM,Skipped,GO,2589,Lim
TRAPPIST-1,TRAPPIST-1 h,0.108,0.01,0.00103,0.326,0.067,0.755,172.0,nan,17.02,Transit,NIRSPEC.BOTS+PRISM,Archived,GO,2589,Lim
TRAPPIST-1,TRAPPIST-1 h,0.067,0.013,0.00103,0.326,0.067,0.755,172.0,nan,17.02,Transit,NIRSPEC.BOTS+PRISM,Archived,GO,2589,Lim
HATS-72,HATS-72 b,0.067,0.013,0.1254,39.85588,0.722,8.097,739.0,nan,12.324,Transit,NIRSPEC.BOTS+G395M,Archived,GO,2594,Spake
HATS-72,HATS-72 b,0.067,0.013,0.1254,39.85588,0.722,8.097,739.0,nan,12.324,Transit,NIRISS.SOSS,Archived,GO,2594,Spake
HD-209458,HD 209458 b,0.162,0.009,0.73,232.0159,1.39,15.581,1459.0,G0 V,7.65,Transit,MIRI.LRS,Skipped,GO,2667,Wakeford
HD-209458,HD 209458 b,0.0,0.0,0.73,232.0159,1.39,15.581,1459.0,G0 V,7.65,Transit,MIRI.LRS,Archived,GO,2667,Wakeford
LTT1445A,LTT 1445 A b,0.0,0.0,0.00859,2.73,0.105,1.18,555.0,M3.0,10.59,Eclipse,MIRI.LRS,Archived,GO,2708,Berta-Thompson
LTT1445A,LTT 1445 A b,0.0,0.0,0.00859,2.73,0.105,1.18,555.0,M3.0,10.59,Eclipse,MIRI.LRS,Archived,GO,2708,Berta-Thompson
LTT1445A,LTT 1445 A b,0.0,0.0,0.00859,2.73,0.105,1.18,555.0,M3.0,10.59,Eclipse,MIRI.LRS,Archived,GO,2708,Berta-Thompson
K2-18,K2-18 b,0.166,0.004,0.02807,8.92,0.211,2.37,284.0,M2.5 V,13.477,Transit,NIRSPEC.BOTS+G395H,Archived,GO,2722,Madhusudhan
K2-18,K2-18 b,0.166,0.004,0.02807,8.92,0.211,2.37,284.0,M2.5 V,13.477,Transit,MIRI.LRS,Archived,GO,2722,Madhusudhan
K2-18,K2-18 b,0.029,0.007,0.02807,8.92,0.211,2.37,284.0,M2.5 V,13.477,Transit,NIRISS.SOSS,Archived,GO,2722,Madhusudhan
HAT-P-18,HAT-P-18 b,0.029,0.007,0.197,62.61,0.995,11.153,852.0,K2,12.597,Transit,NIRISS.SOSS,Archived,COM,2734,Pontoppidan
WASP-96,WASP-96 b,0.029,0.007,0.48,152.55,1.2,13.45,1285.0,G8,12.569,Transit,NIRISS.SOSS,Archived,COM,2734,Pontoppidan
L-231-32,TOI-270 d,-1.0,-1.0,0.01504,4.78,0.19,2.133,387.0,M,12.603,Transit,NIRISS.SOSS,Archived,GTO,2759,Lafreniere
TOI-849,TOI-849 b,0.091,0.0,0.13152,41.8,0.325,3.64,1932.0,G,11.981,PhaseC,NIRSPEC.BOTS+PRISM,Withdrawn,SURVEY,2765,Valenti
TOI-849,TOI-849 b,0.091,0.0,0.13152,41.8,0.325,3.64,1932.0,G,11.981,PhaseC,NIRSPEC.BOTS+PRISM,Withdrawn,SURVEY,2765,Valenti
TOI-849,TOI-849 b,0.091,0.0,0.13152,41.8,0.325,3.64,1932.0,G,11.981,PhaseC,NIRSPEC.BOTS+PRISM,Withdrawn,SURVEY,2765,Valenti
TOI-2109,TOI-2109 b,0.091,0.0,5.02,1595.4986,1.347,15.098,3646.0,F,10.217,PhaseC,NIRSPEC.BOTS+G395H,Withdrawn,SURVEY,2765,Valenti
TOI-2109,TOI-2109 b,0.091,0.0,5.02,1595.4986,1.347,15.098,3646.0,F,10.217,PhaseC,NIRSPEC.BOTS+G395H,Withdrawn,SURVEY,2765,Valenti
TOI-2109,TOI-2109 b,0.091,0.0,5.02,1595.4986,1.347,15.098,3646.0,F,10.217,PhaseC,NIRSPEC.BOTS+G395H,Withdrawn,SURVEY,2765,Valenti
WASP-39,WASP-39 b,0.091,0.0,0.28,88.989,1.332,14.93,1166.0,nan,12.095,Transit,MIRI.LRS,Archived,DD,2783,Powell
HAT-P-1,HAT-P-1 b,0.221,0.035,0.525,166.86075,1.319,14.785,1322.0,G0 V,9.827,Transit,MIRI.LRS,Archived,GO,2950,Waters
HD106315,-,-,-,-,-,-,-,-,-,-,Transit,MIRI.LRS,Archived,GO,2950,Waters
HAT-P-11,HAT-P-11 b,0.985,1.008,0.084,26.69772,0.389,4.36,838.0,K4,9.46,Transit,MIRI.LRS,Archived,GO,2950,Waters
WASP-121,WASP-121 b,0.985,1.008,1.157,367.72747,1.753,19.649,2720.0,F6 V,10.514,Eclipse,MIRI.LRS,Archived,GO,2961,Molliere
TRAPPIST-1,-,-,-,-,-,-,-,-,-,-,PhaseC,MIRI.F1500W,Archived,GO,3077,Gillon
TRAPPIST-1,-,-,-,-,-,-,-,-,-,-,PhaseC,MIRI.F1500W,Archived,GO,3077,Gillon
WASP-94A,WASP-94 A b,0.162,0.009,0.5,158.915,1.58,17.71,1604.0,F8,10.051,Transit,NIRSPEC.BOTS+G395H,Archived,GO,3154,Ahrer
TOI-3984,TOI-3984 A b,0.04,0.0,0.14,44.0,0.71,7.9,563.0,M4+/-0.5,15.694,Transit,NIRSPEC.BOTS+PRISM,Archived,GO,3171,Kanodia
TOI-3984,TOI-3984 A b,0.04,0.0,0.14,44.0,0.71,7.9,563.0,M4+/-0.5,15.694,Transit,NIRSPEC.BOTS+PRISM,Archived,GO,3171,Kanodia
TOI-3984,TOI-3984 A b,0.04,0.0,0.14,44.0,0.71,7.9,563.0,M4+/-0.5,15.694,Transit,NIRSPEC.BOTS+PRISM,Archived,GO,3171,Kanodia
TOI-3757,TOI-3757 b,0.295,0.069,0.26838,85.3,1.071,12.0,759.0,M0 V,14.812,Transit,NIRSPEC.BOTS+PRISM,Archived,GO,3171,Kanodia
TOI-3757,TOI-3757 b,0.113,0.086,0.26838,85.3,1.071,12.0,759.0,M0 V,14.812,Transit,NIRSPEC.BOTS+PRISM,Archived,GO,3171,Kanodia
HATS-6,HATS-6 b,0.106,0.001,0.319,101.38777,0.998,11.187,713.0,M1 V,15.044,Transit,NIRSPEC.BOTS+PRISM,Archived,GO,3171,Kanodia
HATS-6,HATS-6 b,0.015,0.019,0.319,101.38777,0.998,11.187,713.0,M1 V,15.044,Transit,NIRSPEC.BOTS+PRISM,Archived,GO,3171,Kanodia
HATS-75,HATS-75 b,0.015,0.019,0.491,156.05375,0.884,9.909,772.0,nan,15.689,Transit,NIRSPEC.BOTS+PRISM,Skipped,GO,3171,Kanodia
HATS-75,HATS-75 b,0.015,0.019,0.491,156.05375,0.884,9.909,772.0,nan,15.689,Transit,NIRSPEC.BOTS+PRISM,Archived,GO,3171,Kanodia
HATS-75,HATS-75 b,0.028,0.313,0.491,156.05375,0.884,9.909,772.0,nan,15.689,Transit,NIRSPEC.BOTS+PRISM,Archived,GO,3171,Kanodia
HATS-75,HATS-75 b,0.028,0.313,0.491,156.05375,0.884,9.909,772.0,nan,15.689,Transit,NIRSPEC.BOTS+PRISM,Archived,GO,3171,Kanodia
TOI-5293,TOI-5293 A b,0.028,0.313,0.54,170.4,1.06,11.9,675.0,M3+/-1,16.19,Transit,NIRSPEC.BOTS+PRISM,Archived,GO,3171,Kanodia
TOI-5293,TOI-5293 A b,0.462,0.161,0.54,170.4,1.06,11.9,675.0,M3+/-1,16.19,Transit,NIRSPEC.BOTS+PRISM,Skipped,GO,3171,Kanodia
TOI-5293,TOI-5293 A b,0.319,0.225,0.54,170.4,1.06,11.9,675.0,M3+/-1,16.19,Transit,NIRSPEC.BOTS+PRISM,Archived,GO,3171,Kanodia
TOI-3714,TOI-3714 b,0.0,0.0,0.7,222.47988,1.01,11.321,750.0,M2,15.7,Transit,NIRSPEC.BOTS+PRISM,Archived,GO,3171,Kanodia
TOI-3714,TOI-3714 b,0.0,0.0,0.7,222.47988,1.01,11.321,750.0,M2,15.7,Transit,NIRSPEC.BOTS+PRISM,Archived,GO,3171,Kanodia
TOI-3714,TOI-3714 b,0.316,0.061,0.7,222.47988,1.01,11.321,750.0,M2,15.7,Transit,NIRSPEC.BOTS+PRISM,Archived,GO,3171,Kanodia
TOI-5205,TOI-5205 b,0.322,0.54,1.08,343.0,1.03,11.6,737.0,M4.0,15.899,Transit,NIRSPEC.BOTS+PRISM,Archived,GO,3171,Kanodia
TOI-5205,TOI-5205 b,0.0,0.0,1.08,343.0,1.03,11.6,737.0,M4.0,15.899,Transit,NIRSPEC.BOTS+PRISM,Archived,GO,3171,Kanodia
TOI-5205,TOI-5205 b,0.0,0.0,1.08,343.0,1.03,11.6,737.0,M4.0,15.899,Transit,NIRSPEC.BOTS+PRISM,Archived,GO,3171,Kanodia
LTT9779,LTT 9779 b,0.0,0.0,0.09225,29.32,0.421,4.72,1978.0,G7 V,9.79,PhaseC,NIRSPEC.BOTS+G395H,Archived,GO,3231,Crossfield
KEPLER-86,PH2 b,0.0,0.0,0.274,87.08498,0.833,9.337,295.0,nan,12.645,PhaseC,NIRSPEC.BOTS+PRISM,Archived,GO,3235,Fortney
TOI-1685,TOI-1685 b,0.522,0.333,0.00953,3.03,0.131,1.468,1062.0,M2.65 V,13.378,PhaseC,NIRSPEC.BOTS+G395H,Archived,GO,3263,Luque
HD-133112,WASP-189 b,0.152,0.019,1.99,632.47853,1.619,18.147,3353.0,nan,6.59776,Transit,NIRISS.SOSS,Archived,GO,3279,Hoeijmakers
K2-22,K2-22 b,0.152,0.019,1.4,444.962,0.205,2.3,2100.0,M0 V,15.565,see_phase,MIRI.LRS,Archived,GO,3315,Wright
K2-22,K2-22 b,0.152,0.019,1.4,444.962,0.205,2.3,2100.0,M0 V,15.565,see_phase,MIRI.LRS,Archived,GO,3315,Wright
K2-22,K2-22 b,0.181,0.055,1.4,444.962,0.205,2.3,2100.0,M0 V,15.565,Transit,MIRI.LRS,Archived,GO,3315,Wright
TOI-1130,TOI-1130 c,0.181,0.055,1.05717,336.0,1.16,13.0,650.0,K6-K7,11.595,nan,NIRSPEC.BOTS+G395H,Implementation,GO,3385,Huang
TOI-1130,TOI-1130 c,0.147,0.053,1.05717,336.0,1.16,13.0,650.0,K6-K7,11.595,nan,NIRSPEC.BOTS+G395H,Archived,GO,3385,Huang
TOI-1130,TOI-1130 c,0.147,0.053,1.05717,336.0,1.16,13.0,650.0,K6-K7,11.595,nan,NIRISS.SOSS,Archived,GO,3385,Huang
TOI-1130,TOI-1130 c,0.057,0.042,1.05717,336.0,1.16,13.0,650.0,K6-K7,11.595,nan,NIRISS.SOSS,Archived,GO,3385,Huang
TOI-1231,TOI-1231 b,0.057,0.042,0.04845,15.4,0.326,3.65,330.0,M3 V,12.36,Transit,NIRISS.SOSS,FlightReady,GO,3557,Madhusudhan
TOI-1231,TOI-1231 b,0.057,0.042,0.04845,15.4,0.326,3.65,330.0,M3 V,12.36,Transit,NIRSPEC.BOTS+G395H,Archived,GO,3557,Madhusudhan
TOI-1231,TOI-1231 b,0.057,0.042,0.04845,15.4,0.326,3.65,330.0,M3 V,12.36,Transit,MIRI.LRS,FlightReady,GO,3557,Madhusudhan
LTT-3780,LTT 3780 c,0.095,0.05,0.0253,8.04,0.213,2.39,359.0,M3.5 V,13.14,Transit,NIRISS.SOSS,Archived,GO,3557,Madhusudhan
LTT-3780,LTT 3780 c,0.095,0.05,0.0253,8.04,0.213,2.39,359.0,M3.5 V,13.14,Transit,NIRSPEC.BOTS+G395H,Archived,GO,3557,Madhusudhan
LTT-3780,LTT 3780 c,0.095,0.05,0.0253,8.04,0.213,2.39,359.0,M3.5 V,13.14,Transit,MIRI.LRS,FlightReady,GO,3557,Madhusudhan
TOI-1468,TOI-1468 c,0.099,0.094,0.02089,6.64,0.184,2.064,338.0,M3.0 V,12.5,Transit,NIRISS.SOSS,FlightReady,GO,3557,Madhusudhan
TOI-1468,TOI-1468 c,0.099,0.094,0.02089,6.64,0.184,2.064,338.0,M3.0 V,12.5,Transit,NIRSPEC.BOTS+G395H,Archived,GO,3557,Madhusudhan
TOI-1468,TOI-1468 c,0.099,0.094,0.02089,6.64,0.184,2.064,338.0,M3.0 V,12.5,Transit,MIRI.LRS,Archived,GO,3557,Madhusudhan
TOI-270,TOI-270 d,0.096,0.136,0.01504,4.78,0.19,2.133,387.0,M,12.603,Transit,NIRISS.SOSS,Withdrawn,GO,3557,Madhusudhan
TOI-270,TOI-270 d,0.096,0.136,0.01504,4.78,0.19,2.133,387.0,M,12.603,Transit,MIRI.LRS,Archived,GO,3557,Madhusudhan
WASP-47,WASP-47 d,0.096,0.136,0.04877,15.5,0.326,3.65,nan,nan,11.936,Eclipse,NIRSPEC.BOTS+G395H,Archived,GO,3615,Zieba
WASP-47,WASP-47 d,0.08,0.051,0.04877,15.5,0.326,3.65,nan,nan,11.936,Eclipse,NIRSPEC.BOTS+G395H,Archived,GO,3615,Zieba
WASP-69,WASP-69 b,0.036,0.0,0.29,92.1707,1.11,12.442,963.0,K5,9.873,Transit,NIRSPEC.BOTS+G395H,Archived,GO,3712,Cubillos
WASP-69,WASP-69 b,0.055,0.011,0.29,92.1707,1.11,12.442,963.0,K5,9.873,Transit,MIRI.LRS,Archived,GO,3712,Cubillos
GJ-3473,GJ 3473 b,0.341,0.907,0.00585,1.86,0.113,1.264,773.0,M4,13.74,Eclipse,MIRI.F1500W,Archived,GO,3730,Diamond-Lowe
GJ-3473,GJ 3473 b,0.0,0.006,0.00585,1.86,0.113,1.264,773.0,M4,13.74,Eclipse,MIRI.F1500W,Archived,GO,3730,Diamond-Lowe
GJ-3473,GJ 3473 b,0.0,0.006,0.00585,1.86,0.113,1.264,773.0,M4,13.74,Eclipse,MIRI.F1500W,Skipped,GO,3730,Diamond-Lowe
GJ-3473,GJ 3473 b,0.0,0.006,0.00585,1.86,0.113,1.264,773.0,M4,13.74,Eclipse,MIRI.F1500W,Archived,GO,3730,Diamond-Lowe
GJ-3473,GJ 3473 b,0.157,0.101,0.00585,1.86,0.113,1.264,773.0,M4,13.74,Eclipse,MIRI.F1500W,Archived,GO,3730,Diamond-Lowe
GJ-357,GJ 357 b,0.157,0.101,0.00579,1.84,0.107,1.2,518.0,M2.5 V,10.91,Eclipse,MIRI.F1500W,Skipped,GO,3730,Diamond-Lowe
GJ-357,GJ 357 b,0.157,0.101,0.00579,1.84,0.107,1.2,518.0,M2.5 V,10.91,Eclipse,MIRI.F1500W,Archived,GO,3730,Diamond-Lowe
HD-260655,HD 260655 b,0.157,0.101,0.00673,2.14,0.111,1.24,709.0,M0 V,9.63,Eclipse,MIRI.F1500W,Archived,GO,3730,Diamond-Lowe
HD-260655,HD 260655 b,0.119,0.001,0.00673,2.14,0.111,1.24,709.0,M0 V,9.63,Eclipse,MIRI.F1500W,Archived,GO,3730,Diamond-Lowe
L-98-59,L 98-59 c,0.119,0.001,0.00698,2.22,0.124,1.385,553.0,M3 V,11.685,Eclipse,MIRI.F1500W,Archived,GO,3730,Diamond-Lowe
LHS-1140,LHS 1140 b,0.119,0.001,0.01762,5.6,0.154,1.73,226.0,M4.5 V,14.15,Eclipse,MIRI.F1500W,Archived,GO,3730,Diamond-Lowe
LHS-1140,LHS 1140 b,0.072,0.001,0.01762,5.6,0.154,1.73,226.0,M4.5 V,14.15,Eclipse,MIRI.F1500W,Archived,GO,3730,Diamond-Lowe
LHS-1140,LHS 1140 b,0.072,0.001,0.01762,5.6,0.154,1.73,226.0,M4.5 V,14.15,Eclipse,MIRI.F1500W,Archived,GO,3730,Diamond-Lowe
LHS-1478,LHS 1478 b,0.072,0.001,0.00733,2.33,0.111,1.242,595.0,m3 V,13.304,Eclipse,MIRI.F1500W,Archived,GO,3730,Diamond-Lowe
LHS-1478,LHS 1478 b,-1.0,-1.0,0.00733,2.33,0.111,1.242,595.0,m3 V,13.304,Eclipse,MIRI.F1500W,Archived,GO,3730,Diamond-Lowe
LTT-3780,LTT 3780 c,-1.0,-1.0,0.0253,8.04,0.213,2.39,359.0,M3.5 V,13.14,Eclipse,MIRI.F1500W,Archived,GO,3730,Diamond-Lowe
LTT-3780,LTT 3780 c,-1.0,-1.0,0.0253,8.04,0.213,2.39,359.0,M3.5 V,13.14,Eclipse,MIRI.F1500W,Archived,GO,3730,Diamond-Lowe
TOI-1468,TOI-1468 c,0.106,0.001,0.02089,6.64,0.184,2.064,338.0,M3.0 V,12.5,Eclipse,MIRI.F1500W,Archived,GO,3730,Diamond-Lowe
TOI-1468,TOI-1468 c,0.106,0.001,0.02089,6.64,0.184,2.064,338.0,M3.0 V,12.5,Eclipse,MIRI.F1500W,Archived,GO,3730,Diamond-Lowe
TOI-1468,TOI-1468 c,0.026,0.005,0.02089,6.64,0.184,2.064,338.0,M3.0 V,12.5,Eclipse,MIRI.F1500W,Archived,GO,3730,Diamond-Lowe
L-231-32,TOI-270 d,0.026,0.005,0.01504,4.78,0.19,2.133,387.0,M,12.603,Eclipse,MIRI.F1500W,Archived,GO,3730,Diamond-Lowe
L-231-32,TOI-270 d,0.788,0.33,0.01504,4.78,0.19,2.133,387.0,M,12.603,Eclipse,MIRI.F1500W,Archived,GO,3730,Diamond-Lowe
L-231-32,TOI-270 d,0.788,0.33,0.01504,4.78,0.19,2.133,387.0,M,12.603,Eclipse,MIRI.F1500W,Archived,GO,3730,Diamond-Lowe
L-231-32,TOI-270 d,0.065,0.005,0.01504,4.78,0.19,2.133,387.0,M,12.603,Eclipse,MIRI.F1500W,Archived,GO,3730,Diamond-Lowe
TOI-3235,TOI-3235 b,0.065,0.005,0.665,211.35589,1.017,11.4,604.0,M V,15.16,Transit,NIRSPEC.BOTS+PRISM,Archived,GO,3731,Jordan
TOI-5205,TOI-5205 b,0.065,0.005,1.08,343.0,1.03,11.6,737.0,M4.0,15.899,Transit,NIRSPEC.BOTS+PRISM,Withdrawn,GO,3731,Jordan
2MASS-J02531581+0003087,-,-,-,-,-,-,-,-,-,-,see_phase,NIRSPEC.BOTS+PRISM,Archived,GO,3784,Zhang
TOI-270,TOI-270 d,0.065,0.005,0.01504,4.78,0.19,2.133,387.0,M,12.603,Transit,NIRSPEC.BOTS+G395H,Withdrawn,GO,3818,Gapp
TRES-4,TrES-4 b,0.157,0.004,0.78,247.9074,1.61,18.046,1778.0,F8 V,11.932,Transit,NIRSPEC.BOTS+G395H,Archived,GO,3838,Kirk
KELT-7,KELT-7 b,0.157,0.004,1.39,441.7837,1.6,17.934,2048.0,F,8.56,Transit,NIRSPEC.BOTS+G395H,Archived,GO,3838,Kirk
NGTS-2,NGTS-2 b,0.142,0.009,0.74,235.1942,1.595,17.878,1468.0,F5 V,10.789,Transit,NIRSPEC.BOTS+G395H,Archived,GO,3838,Kirk
WASP-15,WASP-15 b,0.142,0.009,0.54,171.6282,1.41,15.805,1676.0,F7,10.972,Transit,NIRSPEC.BOTS+G395H,Archived,GO,3838,Kirk
HAT-P-30,HAT-P-30 b,0.166,0.004,0.83,263.7989,1.44,16.141,1630.0,F7,10.352,Transit,NIRSPEC.BOTS+G395H,Archived,GO,3838,Kirk
TOI-561,TOI-561 e,0.064,0.0,0.03964,12.6,0.227,2.55,415.0,G9 V,10.252,PhaseC,NIRSPEC.BOTS+G395H,Archived,GO,3860,Teske
L-98-59,L 98-59 c,0.064,0.0,0.00698,2.22,0.124,1.385,553.0,M3 V,11.685,Transit,NIRSPEC.BOTS+G395H,Archived,GO,3942,Damiano
L-98-59,L 98-59 c,0.064,0.0,0.00698,2.22,0.124,1.385,553.0,M3 V,11.685,Transit,NIRSPEC.BOTS+G395H,Archived,GO,3942,Damiano
L-98-59,L 98-59 c,0.07,0.004,0.00698,2.22,0.124,1.385,553.0,M3 V,11.685,Transit,NIRSPEC.BOTS+G395H,Archived,GO,3942,Damiano
L-98-59,L 98-59 c,0.07,0.004,0.00698,2.22,0.124,1.385,553.0,M3 V,11.685,Transit,NIRSPEC.BOTS+G395H,Archived,GO,3942,Damiano
KEPLER-12,Kepler-12 b,0.072,0.001,0.432,137.30256,1.754,19.661,1480.0,nan,13.468,Transit,NIRSPEC.BOTS+PRISM,Archived,GO,3969,Espinoza
KEPLER-12,Kepler-12 b,0.072,0.001,0.432,137.30256,1.754,19.661,1480.0,nan,13.468,Transit,NIRSPEC.BOTS+PRISM,Archived,GO,3969,Espinoza
WASP-52,WASP-52 b,-1.0,-1.0,0.46,146.2,1.27,14.24,1315.0,K2 V,12.192,Transit,NIRSPEC.BOTS+G395H,Archived,GO,3969,Espinoza
HAT-P-65,HAT-P-65 b,-1.0,-1.0,0.554,176.07694,1.611,18.058,1818.0,G2,13.121,Transit,NIRSPEC.BOTS+PRISM,Archived,GO,3969,Espinoza
HAT-P-65,HAT-P-65 b,-1.0,-1.0,0.554,176.07694,1.611,18.058,1818.0,G2,13.121,Transit,NIRSPEC.BOTS+PRISM,Archived,GO,3969,Espinoza
LHS3844,LHS 3844 b,0.106,0.001,0.00708,2.25,0.116,1.303,805.0,M5,15.24,PhaseC,NIRSPEC.BOTS+G395H,Archived,GO,4008,Zieba
WASP-96,WASP-96 b,0.106,0.001,0.48,152.55,1.2,13.45,1285.0,G8,12.569,Transit,NIRSPEC.BOTS+G395H,Archived,GO,4082,Radica
L98-59,-,-,-,-,-,-,-,-,-,-,Transit,NIRISS.SOSS,Archived,GO,4098,Benneke
L98-59-updated,L 98-59 c,0.106,0.001,0.00698,2.22,0.124,1.385,553.0,M3 V,11.685,Transit,NIRSPEC.BOTS+G395H,Archived,GO,4098,Benneke
TOI-1685,TOI-1685 b,0.154,0.082,0.00953,3.03,0.131,1.468,1062.0,M2.65 V,13.378,Transit,NIRISS.SOSS,FlightReady,GO,4098,Benneke
TOI-1685,TOI-1685 b,0.096,0.136,0.00953,3.03,0.131,1.468,1062.0,M2.65 V,13.378,Transit,NIRISS.SOSS,FlightReady,GO,4098,Benneke
GJ9827,GJ 9827 c,0.0,0.0,0.00585,1.86,0.101,1.13,716.0,K7 V,10.37,Transit,NIRISS.SOSS,Archived,GO,4098,Benneke
GJ9827,GJ 9827 c,0.0,0.0,0.00585,1.86,0.101,1.13,716.0,K7 V,10.37,Transit,NIRISS.SOSS,Archived,GO,4098,Benneke
GJ9827,GJ 9827 c,0.106,0.001,0.00585,1.86,0.101,1.13,716.0,K7 V,10.37,Transit,NIRSPEC.BOTS+G395H,Skipped,GO,4098,Benneke
GJ9827,GJ 9827 c,0.143,0.153,0.00585,1.86,0.101,1.13,716.0,K7 V,10.37,Transit,NIRSPEC.BOTS+G395H,FlightReady,GO,4098,Benneke
GJ9827,GJ 9827 c,0.288,0.577,0.00585,1.86,0.101,1.13,716.0,K7 V,10.37,Transit,NIRSPEC.BOTS+G395H,Archived,GO,4098,Benneke
GJ3090,GJ 3090 b,0.19,0.175,0.01051,3.34,0.19,2.13,693.0,M2 V,11.403,Transit,NIRISS.SOSS,Skipped,GO,4098,Benneke
GJ3090,GJ 3090 b,0.226,0.178,0.01051,3.34,0.19,2.13,693.0,M2 V,11.403,Transit,NIRISS.SOSS,Archived,GO,4098,Benneke
GJ3090,GJ 3090 b,0.209,0.258,0.01051,3.34,0.19,2.13,693.0,M2 V,11.403,Transit,NIRISS.SOSS,Archived,GO,4098,Benneke
GJ3090,GJ 3090 b,0.025,0.0,0.01051,3.34,0.19,2.13,693.0,M2 V,11.403,Transit,NIRSPEC.BOTS+G395H,Archived,GO,4098,Benneke
GJ3090,GJ 3090 b,0.166,0.004,0.01051,3.34,0.19,2.13,693.0,M2 V,11.403,Transit,NIRSPEC.BOTS+G395H,Archived,GO,4098,Benneke
TOI-270,TOI-270 d,0.166,0.004,0.01504,4.78,0.19,2.133,387.0,M,12.603,Transit,NIRISS.SOSS,Archived,GO,4098,Benneke
TOI-270,TOI-270 d,0.166,0.004,0.01504,4.78,0.19,2.133,387.0,M,12.603,Transit,NIRSPEC.BOTS+G395H,Archived,GO,4098,Benneke
TOI-270,TOI-270 d,0.166,0.004,0.01504,4.78,0.19,2.133,387.0,M,12.603,Transit,NIRSPEC.BOTS+G395H,Archived,GO,4098,Benneke
TOI-824,TOI-824 b,0.187,0.093,0.0581,18.467,0.261,2.926,1253.0,K4 V,11.314,Eclipse,NIRSPEC.BOTS+G395M,Archived,GO,4102,Roy
TOI-824,TOI-824 b,0.187,0.093,0.0581,18.467,0.261,2.926,1253.0,K4 V,11.314,Eclipse,NIRSPEC.BOTS+G395M,Archived,GO,4102,Roy
HAT-P-11,HAT-P-11 b,0.322,0.255,0.084,26.69772,0.389,4.36,838.0,K4,9.46,Eclipse,NIRSPEC.BOTS+G395H,Archived,GO,4105,Alderson
HAT-P-11,HAT-P-11 b,0.134,0.115,0.084,26.69772,0.389,4.36,838.0,K4,9.46,Eclipse,NIRSPEC.BOTS+G395H,Archived,GO,4105,Alderson
TOI-125,TOI-125 d,0.134,0.115,0.04279,13.6,0.261,2.93,638.0,K0 V,11.023,Transit,NIRSPEC.BOTS+G395H,Skipped,GO,4126,Fisher
TOI-125,TOI-125 d,0.14,0.017,0.04279,13.6,0.261,2.93,638.0,K0 V,11.023,Transit,NIRSPEC.BOTS+G395H,Archived,GO,4126,Fisher
TOI-125,TOI-125 d,0.113,0.086,0.04279,13.6,0.261,2.93,638.0,K0 V,11.023,Transit,NIRSPEC.BOTS+G395H,Skipped,GO,4126,Fisher
TOI-125,TOI-125 d,0.0,0.0,0.04279,13.6,0.261,2.93,638.0,K0 V,11.023,Transit,NIRSPEC.BOTS+G395H,Implementation,GO,4126,Fisher
TOI-1685,TOI-1685 b,0.0,0.0,0.00953,3.03,0.131,1.468,1062.0,M2.65 V,13.378,Transit,NIRSPEC.BOTS+G395H,Archived,GO,4195,Fisher
TOI-1685,TOI-1685 b,0.166,0.004,0.00953,3.03,0.131,1.468,1062.0,M2.65 V,13.378,Transit,NIRSPEC.BOTS+G395H,Archived,GO,4195,Fisher
TOI-1685,TOI-1685 b,0.055,0.011,0.00953,3.03,0.131,1.468,1062.0,M2.65 V,13.378,Transit,NIRSPEC.BOTS+G395H,Archived,GO,4195,Fisher
TOI-1685,TOI-1685 b,0.055,0.011,0.00953,3.03,0.131,1.468,1062.0,M2.65 V,13.378,Transit,NIRSPEC.BOTS+G395H,Skipped,GO,4195,Fisher
TOI-1685,TOI-1685 b,0.053,0.004,0.00953,3.03,0.131,1.468,1062.0,M2.65 V,13.378,Transit,NIRSPEC.BOTS+G395H,Archived,GO,4195,Fisher
TOI-1899,TOI-1899 b,0.053,0.004,0.67,212.94503,0.99,11.097,378.0,M0,14.88,Transit,NIRSPEC.BOTS+PRISM,FlightReady,GO,4227,Claringbold
GJ-3470,GJ 3470 b,0.053,0.004,0.04373,13.9,0.408,4.57,594.0,M1.5,12.332,Transit,NIRSPEC.BOTS+G395H,Implementation,GTO,4536,Greene
TOI-4336,TOI-4336 A b,0.053,0.004,0.0162,5.14,0.189,2.12,308.0,M3.5+/-0.5,13.6,Transit,NIRISS.SOSS,Implementation,GO,4711,Hu
TOI-4336,TOI-4336 A b,0.053,0.004,0.0162,5.14,0.189,2.12,308.0,M3.5+/-0.5,13.6,Transit,NIRSPEC.BOTS+G395H,Implementation,GO,4711,Hu
GJ-9827,-,-,-,-,-,-,-,-,-,-,Eclipse,MIRI.LRS,Implementation,GO,4818,WeinerMansfield
HD-20329,-,-,-,-,-,-,-,-,-,-,Eclipse,MIRI.LRS,Implementation,GO,4818,WeinerMansfield
TOI-1416,-,-,-,-,-,-,-,-,-,-,Eclipse,MIRI.LRS,Implementation,GO,4818,WeinerMansfield
TOI-500,-,-,-,-,-,-,-,-,-,-,Eclipse,MIRI.LRS,Implementation,GO,4818,WeinerMansfield
TOI-1442,-,-,-,-,-,-,-,-,-,-,Eclipse,MIRI.LRS,Implementation,GO,4818,WeinerMansfield
TOI-561,TOI-561 e,0.106,0.001,0.03964,12.6,0.227,2.55,415.0,G9 V,10.252,Eclipse,MIRI.LRS,Implementation,GO,4818,WeinerMansfield
TOI-1075,TOI-1075 b,0.106,0.001,0.03131,9.95,0.16,1.791,1323.0,K9 V/M0 V,12.615,Eclipse,MIRI.LRS,Implementation,GO,4818,WeinerMansfield
TOI-1807,TOI-1807 b,0.106,0.001,0.00768,2.44,0.134,1.497,1694.0,nan,10.0,Eclipse,MIRI.LRS,Implementation,GO,4818,WeinerMansfield
HD-3167,-,-,-,-,-,-,-,-,-,-,Eclipse,MIRI.LRS,Implementation,GO,4818,WeinerMansfield
TOI-431,-,-,-,-,-,-,-,-,-,-,Eclipse,MIRI.LRS,Implementation,GO,4818,WeinerMansfield
TOI-4481,-,-,-,-,-,-,-,-,-,-,Eclipse,MIRI.LRS,Implementation,GO,4931,WeinerMansfield
TOI-4481,-,-,-,-,-,-,-,-,-,-,Eclipse,MIRI.LRS,Implementation,GO,4931,WeinerMansfield
TOI-4481,-,-,-,-,-,-,-,-,-,-,Eclipse,MIRI.LRS,Implementation,GO,4931,WeinerMansfield
WASP-103,WASP-103 b,0.027,0.002,1.49,473.547,1.528,17.127,2508.0,F8 V,12.402,PhaseC,NIRSPEC.BOTS+PRISM,FlightReady,GO,5022,Barros
CD-60-1144,TOI-199 c,0.027,0.002,0.28,88.99195,1.01,11.4,nan,G9 V,10.701,PhaseC,NIRSPEC.BOTS+G395M,FlightReady,GO,5177,Hu
BD+01-316,WASP-76 b,0.027,0.002,0.894,284.1386,1.854,20.781,2228.0,F7,9.518,PhaseC,NIRSPEC.BOTS+G395H,Implementation,GO,5268,Wardenier
AU-MIC,AU Mic c,0.055,0.011,0.0302,9.6,0.225,2.522,459.0,M1,8.81,Transit,NIRCAM.GRISMR+F444W,Implementation,GO,5311,Feinstein
AU-MIC,AU Mic c,0.055,0.011,0.0302,9.6,0.225,2.522,459.0,M1,8.81,Transit,NIRCAM.GRISMR+F444W,Implementation,GO,5311,Feinstein
AU-MIC,AU Mic c,0.055,0.011,0.0302,9.6,0.225,2.522,459.0,M1,8.81,Transit,NIRCAM.GRISMR+F322W2,Implementation,GO,5311,Feinstein
AU-MIC,AU Mic c,0.055,0.011,0.0302,9.6,0.225,2.522,459.0,M1,8.81,Transit,NIRCAM.GRISMR+F322W2,Implementation,GO,5311,Feinstein
Kepler-167,Kepler-167 e,0.055,0.011,1.01,321.00669,0.906,10.16,134.0,K4,14.284,PhaseC,NIRISS.SOSS,Withdrawn,GO,5531,Changeat
WASP-39,WASP-39 b,0.067,0.004,0.28,88.989,1.332,14.93,1166.0,nan,12.095,see_phase,NIRSPEC.BOTS+G395H,Implementation,GO,5634,Baeyens
KELT-8,KELT-8 b,0.322,0.037,0.66,209.7678,1.62,18.159,1675.0,G2 V,10.845,Eclipse,MIRI.LRS,Implementation,GO,5687,Valentine
KELT-8,KELT-8 b,0.085,0.0,0.66,209.7678,1.62,18.159,1675.0,G2 V,10.845,Eclipse,MIRI.LRS,Implementation,GO,5687,Valentine
TOI-3884,-,-,-,-,-,-,-,-,-,-,Transit,NIRISS.SOSS,Implementation,GO,5799,Garcia
TOI-3884,-,-,-,-,-,-,-,-,-,-,Transit,NIRISS.SOSS,Implementation,GO,5799,Garcia
TOI-3884,-,-,-,-,-,-,-,-,-,-,Transit,NIRSPEC.BOTS+G395H,Implementation,GO,5799,Garcia
HAT-P-18,HAT-P-18 b,0.0,0.0,0.197,62.61,0.995,11.153,852.0,K2,12.597,Transit,NIRSPEC.BOTS+G395M,Implementation,GO,5844,Radica
HAT-P-18,HAT-P-18 b,0.0,0.0,0.197,62.61,0.995,11.153,852.0,K2,12.597,Transit,MIRI.LRS,Implementation,GO,5844,Radica
TOI-3884,-,-,-,-,-,-,-,-,-,-,Transit,NIRISS.SOSS,Implementation,GO,5863,Murray
TOI-3884,-,-,-,-,-,-,-,-,-,-,Transit,NIRSPEC.BOTS+G395M,Implementation,GO,5863,Murray
TOI-3884,-,-,-,-,-,-,-,-,-,-,Transit,NIRISS.SOSS,Implementation,GO,5863,Murray
TOI-3884,-,-,-,-,-,-,-,-,-,-,Transit,NIRSPEC.BOTS+G395M,Implementation,GO,5863,Murray
WOLF-437,GJ 486 b,0.0,0.0,0.00872,2.77,0.115,1.289,696.0,M3.5 V,11.39,Transit,NIRISS.SOSS,Implementation,GO,5866,MacDonald
WOLF-437,GJ 486 b,0.0,0.0,0.00872,2.77,0.115,1.289,696.0,M3.5 V,11.39,Transit,NIRISS.SOSS,Implementation,GO,5866,MacDonald
WOLF-437,GJ 486 b,0.025,0.0,0.00872,2.77,0.115,1.289,696.0,M3.5 V,11.39,Transit,NIRISS.SOSS,Implementation,GO,5866,MacDonald
V-V1298-Tau,V1298 Tau e,0.021,0.013,1.01,321.00669,0.89,9.976,492.0,K1,10.115,PhaseC,NIRSPEC.BOTS+G395H,Implementation,GO,5882,Dai
TOI-4010,TOI-4010 d,0.083,0.015,0.12003,38.15,0.551,6.18,650.0,K V,12.291,Transit,NIRSPEC.BOTS+PRISM,FlightReady,GO,5894,Kunimoto
TOI-4010,TOI-4010 d,0.0,0.0,0.12003,38.15,0.551,6.18,650.0,K V,12.291,Transit,NIRSPEC.BOTS+PRISM,FlightReady,GO,5894,Kunimoto
TOI-4010,TOI-4010 d,0.0,0.0,0.12003,38.15,0.551,6.18,650.0,K V,12.291,Transit,NIRSPEC.BOTS+PRISM,Archived,GO,5894,Kunimoto
HAT-P-11,-,-,-,-,-,-,-,-,-,-,Transit,NIRISS.SOSS,FlightReady,GO,5924,Sing
WASP-69,WASP-69 b,0.0,0.0,0.29,92.1707,1.11,12.442,963.0,K5,9.873,Transit,NIRISS.SOSS,FlightReady,GO,5924,Sing
WASP-80,-,-,-,-,-,-,-,-,-,-,Transit,NIRISS.SOSS,Archived,GO,5924,Sing
WASP-94A,WASP-94 A b,0.0,0.0,0.5,158.915,1.58,17.71,1604.0,F8,10.051,Transit,NIRISS.SOSS,Archived,GO,5924,Sing
NGTS-2,NGTS-2 b,0.0,0.0,0.74,235.1942,1.595,17.878,1468.0,F5 V,10.789,Transit,NIRISS.SOSS,FlightReady,GO,5924,Sing
HAT-P-30,HAT-P-30 b,0.0,0.0,0.83,263.7989,1.44,16.141,1630.0,F7,10.352,Transit,NIRISS.SOSS,FlightReady,GO,5924,Sing
KELT-7,KELT-7 b,0.0,0.0,1.39,441.7837,1.6,17.934,2048.0,F,8.56,Transit,NIRISS.SOSS,FlightReady,GO,5924,Sing
HAT-P-1,HAT-P-1 b,0.0,0.0,0.525,166.86075,1.319,14.785,1322.0,G0 V,9.827,Transit,NIRSPEC.BOTS+G395H,Implementation,GO,5924,Sing
WASP-63,WASP-63 b,0.087,0.247,0.37,117.5971,1.41,15.805,1470.0,nan,11.155,Transit,NIRSPEC.BOTS+G395H,Implementation,GO,5924,Sing
HATS-72,-,-,-,-,-,-,-,-,-,-,Transit,NIRSPEC.BOTS+PRISM,Implementation,GO,5924,Sing
WASP-6,WASP-6 b,0.59,0.744,0.37,117.5971,1.03,11.545,1184.0,nan,11.907,Transit,NIRSPEC.BOTS+PRISM,Implementation,GO,5924,Sing
WASP-19,WASP-19 b,0.213,0.008,1.154,366.77398,1.415,15.861,2113.0,G8 V,12.248,Transit,NIRSPEC.BOTS+PRISM,Implementation,GO,5924,Sing
WASP-12,WASP-12 b,0.213,0.008,1.465,465.62095,1.937,21.712,2593.0,nan,11.569,Transit,NIRSPEC.BOTS+PRISM,Implementation,GO,5924,Sing
WASP-76,WASP-76 b,0.213,0.008,0.894,284.1386,1.854,20.781,2228.0,F7,9.518,Transit,NIRISS.SOSS,FlightReady,GO,5924,Sing
V-V1298-Tau,V1298 Tau e,0.213,0.008,1.01,321.00669,0.89,9.976,492.0,K1,10.115,Transit,NIRSPEC.BOTS+G395H,Implementation,GO,5959,Feinstein
V-V1298-Tau,V1298 Tau e,0.009,0.0,1.01,321.00669,0.89,9.976,492.0,K1,10.115,Transit,NIRISS.SOSS,Implementation,GO,5959,Feinstein
V-V1298-Tau,V1298 Tau e,0.462,0.161,1.01,321.00669,0.89,9.976,492.0,K1,10.115,Transit,NIRSPEC.BOTS+G395H,Implementation,GO,5959,Feinstein
V-V1298-Tau,V1298 Tau e,0.351,0.32,1.01,321.00669,0.89,9.976,492.0,K1,10.115,Transit,NIRISS.SOSS,Implementation,GO,5959,Feinstein
CD-38-1467,TOI-451 d,0.351,0.32,0.049,15.6,0.363,4.07,722.0,nan,10.939,Transit,NIRSPEC.BOTS+G395H,Skipped,GO,5959,Feinstein
CD-38-1467-copy,TOI-451 d,0.0,0.0,0.049,15.6,0.363,4.07,722.0,nan,10.939,Transit,NIRSPEC.BOTS+G395H,Archived,GO,5959,Feinstein
CD-38-1467-copy,TOI-451 d,0.0,0.0,0.049,15.6,0.363,4.07,722.0,nan,10.939,see_phase,NIRISS.SOSS,FlightReady,GO,5959,Feinstein
CD-38-1467-copy,TOI-451 d,0.0,0.0,0.049,15.6,0.363,4.07,722.0,nan,10.939,Transit,NIRSPEC.BOTS+G395H,FlightReady,GO,5959,Feinstein
CD-38-1467-copy,TOI-451 d,0.0,0.0,0.049,15.6,0.363,4.07,722.0,nan,10.939,Transit,NIRISS.SOSS,Implementation,GO,5959,Feinstein
BD+40-2790,TOI-2076 c,0.0,0.0,0.17305,55.0,0.33,3.694,543.0,K,9.139,Transit,NIRSPEC.BOTS+G395H,Implementation,GO,5959,Feinstein
BD+40-2790,TOI-2076 c,0.0,0.0,0.17305,55.0,0.33,3.694,543.0,K,9.139,Transit,NIRISS.SOSS,Implementation,GO,5959,Feinstein
BD+40-2790,TOI-2076 c,0.295,0.069,0.17305,55.0,0.33,3.694,543.0,K,9.139,Transit,NIRSPEC.BOTS+G395H,Implementation,GO,5959,Feinstein
BD+40-2790,TOI-2076 c,0.295,0.069,0.17305,55.0,0.33,3.694,543.0,K,9.139,Transit,NIRISS.SOSS,Implementation,GO,5959,Feinstein
BD+40-2790,TOI-2076 c,0.0,0.0,0.17305,55.0,0.33,3.694,543.0,K,9.139,Transit,NIRSPEC.BOTS+G395H,Implementation,GO,5959,Feinstein
BD+40-2790,TOI-2076 c,0.0,0.0,0.17305,55.0,0.33,3.694,543.0,K,9.139,Transit,NIRISS.SOSS,Implementation,GO,5959,Feinstein
TOI-849,TOI-849 b,0.0,0.0,0.13152,41.8,0.325,3.64,1932.0,G,11.981,Eclipse,NIRSPEC.BOTS+G395H,Implementation,GO,5967,Roy
TOI-849,TOI-849 b,0.0,0.0,0.13152,41.8,0.325,3.64,1932.0,G,11.981,Eclipse,NIRSPEC.BOTS+G395H,Implementation,GO,5967,Roy
TOI-849,TOI-849 b,0.0,0.0,0.13152,41.8,0.325,3.64,1932.0,G,11.981,Eclipse,NIRSPEC.BOTS+G395H,Implementation,GO,5967,Roy
TOI-700,TOI-700 d,0.0,0.0,0.00394,1.25,0.096,1.073,269.0,M2.5 V,13.151,Transit,NIRISS.SOSS,Implementation,GO,6193,Pass
TOI-700,TOI-700 d,0.0,0.0,0.00394,1.25,0.096,1.073,269.0,M2.5 V,13.151,Transit,NIRISS.SOSS,Implementation,GO,6193,Pass
HD-207496,-,-,-,-,-,-,-,-,-,-,Transit,NIRCAM.GRISMR+F322W2,Implementation,GO,6284,Coy
HD-207496,-,-,-,-,-,-,-,-,-,-,Transit,NIRCAM.GRISMR+F444W,Implementation,GO,6284,Coy
TRAPPIST-1,TRAPPIST-1 h,0.167,0.016,0.00103,0.326,0.067,0.755,172.0,nan,17.02,nan,NIRSPEC.BOTS+PRISM,Archived,GO,6456,Allen
TRAPPIST-1,TRAPPIST-1 h,0.167,0.016,0.00103,0.326,0.067,0.755,172.0,nan,17.02,nan,NIRSPEC.BOTS+PRISM,FlightReady,GO,6456,Allen
TRAPPIST-1,TRAPPIST-1 h,0.035,0.017,0.00103,0.326,0.067,0.755,172.0,nan,17.02,nan,NIRSPEC.BOTS+PRISM,Archived,GO,6456,Allen
TRAPPIST-1,TRAPPIST-1 h,0.061,0.008,0.00103,0.326,0.067,0.755,172.0,nan,17.02,nan,NIRSPEC.BOTS+PRISM,FlightReady,GO,6456,Allen
TRAPPIST-1,TRAPPIST-1 h,0.061,0.008,0.00103,0.326,0.067,0.755,172.0,nan,17.02,nan,NIRSPEC.BOTS+PRISM,FlightReady,GO,6456,Allen
TRAPPIST-1,TRAPPIST-1 h,0.061,0.008,0.00103,0.326,0.067,0.755,172.0,nan,17.02,nan,NIRSPEC.BOTS+PRISM,FlightReady,GO,6456,Allen
LP-791-18,-,-,-,-,-,-,-,-,-,-,Eclipse,MIRI.F1500W,FlightReady,GO,6457,Benneke
LP-791-18,-,-,-,-,-,-,-,-,-,-,Eclipse,MIRI.F1500W,FlightReady,GO,6457,Benneke
LP-791-18,-,-,-,-,-,-,-,-,-,-,Eclipse,MIRI.F1500W,FlightReady,GO,6457,Benneke
LP-791-18,-,-,-,-,-,-,-,-,-,-,Eclipse,MIRI.F1500W,FlightReady,GO,6457,Benneke
LP-791-18,-,-,-,-,-,-,-,-,-,-,Eclipse,MIRI.F1500W,FlightReady,GO,6457,Benneke
Kepler-167,Kepler-167 e,0.522,0.333,1.01,321.00669,0.906,10.16,134.0,K4,14.284,PhaseC,NIRSPEC.BOTS+PRISM,Archived,GO,6491,Cassese
LHS1140,-,-,-,-,-,-,-,-,-,-,Transit,NIRISS.SOSS,Archived,DD,6543,Cadieux
LHS-1140,LHS 1140 b,0.209,0.258,0.01762,5.6,0.154,1.73,226.0,M4.5 V,14.15,Transit,NIRISS.SOSS,Archived,DD,6543,Cadieux
HD-10647,-,-,-,-,-,-,-,-,-,-,DI,NIRCAM.F300M+F444W,Withdrawn,GTO,1183,Gaspar
HD-10647,-,-,-,-,-,-,-,-,-,-,DI,NIRCAM.F300M+F444W,Withdrawn,GTO,1183,Gaspar
HD-10647-PSF,-,-,-,-,-,-,-,-,-,-,DI,NIRCAM.F300M+F444W,Withdrawn,GTO,1183,Gaspar
HD-107146,-,-,-,-,-,-,-,-,-,-,DI,NIRCAM.F300M+F444W,Withdrawn,GTO,1183,Gaspar
HD-107146,-,-,-,-,-,-,-,-,-,-,DI,NIRCAM.F300M+F444W,Withdrawn,GTO,1183,Gaspar
HD-107146-PSF,-,-,-,-,-,-,-,-,-,-,DI,NIRCAM.F300M+F444W,Withdrawn,GTO,1183,Gaspar
HD-181327,-,-,-,-,-,-,-,-,-,-,DI,NIRCAM.F300M+F444W,Withdrawn,GTO,1183,Gaspar
HD-181327,-,-,-,-,-,-,-,-,-,-,DI,NIRCAM.F300M+F444W,Withdrawn,GTO,1183,Gaspar
HD-181327-PSF,-,-,-,-,-,-,-,-,-,-,DI,NIRCAM.F300M+F444W,Withdrawn,GTO,1183,Gaspar
HD-61005,-,-,-,-,-,-,-,-,-,-,DI,NIRCAM.F300M+F444W,Withdrawn,GTO,1183,Gaspar
HD-61005,-,-,-,-,-,-,-,-,-,-,DI,NIRCAM.F300M+F444W,Withdrawn,GTO,1183,Gaspar
HD-61005-PSF,-,-,-,-,-,-,-,-,-,-,DI,NIRCAM.F300M+F444W,Withdrawn,GTO,1183,Gaspar
HD-32297,-,-,-,-,-,-,-,-,-,-,DI,NIRCAM.F300M+F444W,Withdrawn,GTO,1183,Gaspar
HD-32297,-,-,-,-,-,-,-,-,-,-,DI,NIRCAM.F300M+F444W,Withdrawn,GTO,1183,Gaspar
HD-32297-PSF,-,-,-,-,-,-,-,-,-,-,DI,NIRCAM.F300M+F444W,Withdrawn,GTO,1183,Gaspar
V-AU-MIC,-,-,-,-,-,-,-,-,-,-,DI,NIRCAM.F444W+F356W,Archived,GTO,1184,Schlieder
V-AU-MIC,-,-,-,-,-,-,-,-,-,-,DI,NIRCAM.F444W+F356W,Archived,GTO,1184,Schlieder
HIP17695,-,-,-,-,-,-,-,-,-,-,DI,NIRCAM.F444W+F356W,Archived,GTO,1184,Schlieder
HIP17695,-,-,-,-,-,-,-,-,-,-,DI,NIRCAM.F444W+F356W,Archived,GTO,1184,Schlieder
G-7-34,-,-,-,-,-,-,-,-,-,-,DI,NIRCAM.F444W+F356W,Archived,GTO,1184,Schlieder
G-7-34,-,-,-,-,-,-,-,-,-,-,DI,NIRCAM.F444W+F356W,Archived,GTO,1184,Schlieder
TYC5899,-,-,-,-,-,-,-,-,-,-,DI,NIRCAM.F444W+F356W,Skipped,GTO,1184,Schlieder
TYC5899,-,-,-,-,-,-,-,-,-,-,DI,NIRCAM.F444W+F356W,Failed,GTO,1184,Schlieder
TYC5899,-,-,-,-,-,-,-,-,-,-,DI,NIRCAM.F444W+F356W,Archived,GTO,1184,Schlieder
TYC5899,-,-,-,-,-,-,-,-,-,-,DI,NIRCAM.F444W+F356W,Archived,GTO,1184,Schlieder
FOMALHAUT-C,-,-,-,-,-,-,-,-,-,-,DI,NIRCAM.F444W+F356W,Archived,GTO,1184,Schlieder
FOMALHAUT-C,-,-,-,-,-,-,-,-,-,-,DI,NIRCAM.F444W+F356W,Archived,GTO,1184,Schlieder
V-AP-COL,-,-,-,-,-,-,-,-,-,-,DI,NIRCAM.F444W+F356W,Archived,GTO,1184,Schlieder
V-AP-COL,-,-,-,-,-,-,-,-,-,-,DI,NIRCAM.F444W+F356W,Archived,GTO,1184,Schlieder
2MJ0944,-,-,-,-,-,-,-,-,-,-,DI,NIRCAM.F444W+F356W,Archived,GTO,1184,Schlieder
2MJ0944,-,-,-,-,-,-,-,-,-,-,DI,NIRCAM.F444W+F356W,Archived,GTO,1184,Schlieder
LP-944-20,-,-,-,-,-,-,-,-,-,-,DI,NIRCAM.F444W+F356W,Archived,GTO,1184,Schlieder
LP-944-20,-,-,-,-,-,-,-,-,-,-,DI,NIRCAM.F444W+F356W,Archived,GTO,1184,Schlieder
2MJ0443,-,-,-,-,-,-,-,-,-,-,DI,NIRCAM.F444W+F356W,Archived,GTO,1184,Schlieder
2MJ0443,-,-,-,-,-,-,-,-,-,-,DI,NIRCAM.F444W+F356W,Archived,GTO,1184,Schlieder
HD-19467,-,-,-,-,-,-,-,-,-,-,DI,NIRCAM.F250M+F300M+F360M+F410M+F430M+F460M,Failed,GTO,1189,Roellig
HD-19467,-,-,-,-,-,-,-,-,-,-,DI,NIRCAM.F250M+F300M+F360M+F410M+F430M+F460M,Archived,GTO,1189,Roellig
HD-19467,-,-,-,-,-,-,-,-,-,-,DI,NIRCAM.F250M+F300M+F360M+F410M+F430M+F460M,Failed,GTO,1189,Roellig
HD-19467,-,-,-,-,-,-,-,-,-,-,DI,NIRCAM.F250M+F300M+F360M+F410M+F430M+F460M,Archived,GTO,1189,Roellig
HD-19096,-,-,-,-,-,-,-,-,-,-,DI,NIRCAM.F250M+F300M+F360M+F410M+F430M+F460M,Skipped,GTO,1189,Roellig
HD-19096,-,-,-,-,-,-,-,-,-,-,DI,NIRCAM.F250M+F300M+F360M+F410M+F430M+F460M,Archived,GTO,1189,Roellig
FOMALHAUT-PSF-MIRI-CORON,-,-,-,-,-,-,-,-,-,-,DI,MIRI.F2300C,Archived,GTO,1193,Beichman
FOMALHAUT-PSF-MIRI-CORON-BACK,-,-,-,-,-,-,-,-,-,-,DI,MIRI.F2300C,Archived,GTO,1193,Beichman
FOMALHAUT-PSF-MIRI-CORON,-,-,-,-,-,-,-,-,-,-,DI,MIRI.F1550C,Archived,GTO,1193,Beichman
FOMALHAUT-PSF-MIRI-CORON-BACK,-,-,-,-,-,-,-,-,-,-,DI,MIRI.F1550C,Archived,GTO,1193,Beichman
FOMALHAUT-COPY-MIRI-CORON,-,-,-,-,-,-,-,-,-,-,DI,MIRI.F2300C,Archived,GTO,1193,Beichman
FOMALHAUT-F2300C-BACK,-,-,-,-,-,-,-,-,-,-,DI,MIRI.F2300C,Archived,GTO,1193,Beichman
FOMALHAUT-COPY-MIRI-CORON,-,-,-,-,-,-,-,-,-,-,DI,MIRI.F1550C,Archived,GTO,1193,Beichman
FOMALHAUT-F1550C-BACK,-,-,-,-,-,-,-,-,-,-,DI,MIRI.F1550C,Archived,GTO,1193,Beichman
FOMALHAUT-COPY-MIRI-CORON,-,-,-,-,-,-,-,-,-,-,DI,MIRI.F1550C,Archived,GTO,1193,Beichman
FOMALHAUT-COPY-MIRI-CORON,-,-,-,-,-,-,-,-,-,-,DI,MIRI.F2300C,Archived,GTO,1193,Beichman
FOMALHAUT,-,-,-,-,-,-,-,-,-,-,DI,NIRCAM.F356W+F444W,Archived,GTO,1193,Beichman
FOMALHAUT,-,-,-,-,-,-,-,-,-,-,DI,NIRCAM.F356W+F444W,Archived,GTO,1193,Beichman
FOMALHAUT,-,-,-,-,-,-,-,-,-,-,DI,NIRCAM.F356W+F444W,Archived,GTO,1193,Beichman
FOMALHAUT,-,-,-,-,-,-,-,-,-,-,DI,NIRCAM.F356W+F444W,Archived,GTO,1193,Beichman
FOMALHAUT-PSF-NIRCAM,-,-,-,-,-,-,-,-,-,-,DI,NIRCAM.F356W+F444W,Archived,GTO,1193,Beichman
FOMALHAUT-PSF-NIRCAM,-,-,-,-,-,-,-,-,-,-,DI,NIRCAM.F356W+F444W,Archived,GTO,1193,Beichman
VEGA-PSF-MIRI-CORON,-,-,-,-,-,-,-,-,-,-,DI,MIRI.F2300C,Archived,GTO,1193,Beichman
VEGA-PSF-MIRI-CORON-BACK,-,-,-,-,-,-,-,-,-,-,DI,MIRI.F2300C,Archived,GTO,1193,Beichman
VEGA-PSF-MIRI-CORON,-,-,-,-,-,-,-,-,-,-,DI,MIRI.F1550C,Archived,GTO,1193,Beichman
VEGA-PSF-MIRI-CORON-BACK,-,-,-,-,-,-,-,-,-,-,DI,MIRI.F1550C,Archived,GTO,1193,Beichman
VEGA-COPY-MIRI-CORON,-,-,-,-,-,-,-,-,-,-,DI,MIRI.F2300C,Archived,GTO,1193,Beichman
VEGA-F2300C-BACK,-,-,-,-,-,-,-,-,-,-,DI,MIRI.F2300C,Archived,GTO,1193,Beichman
VEGA-COPY-MIRI-CORON,-,-,-,-,-,-,-,-,-,-,DI,MIRI.F1550C,Archived,GTO,1193,Beichman
VEGA-F1550C-BACK,-,-,-,-,-,-,-,-,-,-,DI,MIRI.F1550C,Archived,GTO,1193,Beichman
VEGA-COPY-MIRI-CORON,-,-,-,-,-,-,-,-,-,-,DI,MIRI.F1550C,Archived,GTO,1193,Beichman
VEGA-COPY-MIRI-CORON,-,-,-,-,-,-,-,-,-,-,DI,MIRI.F2300C,Archived,GTO,1193,Beichman
VEGA,-,-,-,-,-,-,-,-,-,-,DI,NIRCAM.F444W,Archived,GTO,1193,Beichman
VEGA,-,-,-,-,-,-,-,-,-,-,DI,NIRCAM.F444W,Archived,GTO,1193,Beichman
VEGA,-,-,-,-,-,-,-,-,-,-,DI,NIRCAM.F444W,Archived,GTO,1193,Beichman
VEGA,-,-,-,-,-,-,-,-,-,-,DI,NIRCAM.F444W,Archived,GTO,1193,Beichman
VEGA-PSF-NIRCAM,-,-,-,-,-,-,-,-,-,-,DI,NIRCAM.F444W,Archived,GTO,1193,Beichman
VEGA-PSF-NIRCAM,-,-,-,-,-,-,-,-,-,-,DI,NIRCAM.F444W,Archived,GTO,1193,Beichman
EPS-ERI,-,-,-,-,-,-,-,-,-,-,DI,NIRCAM.F444W,Archived,GTO,1193,Beichman
EPS-ERI,-,-,-,-,-,-,-,-,-,-,DI,NIRCAM.F444W,Archived,GTO,1193,Beichman
EPS-ERI,-,-,-,-,-,-,-,-,-,-,DI,NIRCAM.F444W,Archived,GTO,1193,Beichman
EPS-ERI,-,-,-,-,-,-,-,-,-,-,DI,NIRCAM.F444W,Archived,GTO,1193,Beichman
EPS-ERI,-,-,-,-,-,-,-,-,-,-,DI,NIRCAM.F444W,Archived,GTO,1193,Beichman
EPS-ERI-PSF-ALL,-,-,-,-,-,-,-,-,-,-,DI,NIRCAM.F444W,Archived,GTO,1193,Beichman
EPS-ERI-PSF-ALL,-,-,-,-,-,-,-,-,-,-,DI,NIRCAM.F444W,Archived,GTO,1193,Beichman
EPS-ERI,-,-,-,-,-,-,-,-,-,-,DI,NIRCAM.F444W,Archived,GTO,1193,Beichman
EPS-ERI,-,-,-,-,-,-,-,-,-,-,DI,NIRCAM.F444W,Archived,GTO,1193,Beichman
EPS-ERI-PSF-ALL,-,-,-,-,-,-,-,-,-,-,DI,NIRCAM.F444W,Archived,GTO,1193,Beichman
HR8799,HR 8799 b,0.0,0.0,7.0,2000.0,1.2,13.0,1200.0,A5 V,5.98,DI,NIRCAM.F356W+F444W,Archived,GTO,1194,Beichman
HR8799,HR 8799 b,0.0,0.0,7.0,2000.0,1.2,13.0,1200.0,A5 V,5.98,DI,NIRCAM.F250M+F300M+F335M+F410M+F430M+F460M,Archived,GTO,1194,Beichman
HD220657,-,-,-,-,-,-,-,-,-,-,DI,NIRCAM.F356W+F444W,Archived,GTO,1194,Beichman
HD220657,-,-,-,-,-,-,-,-,-,-,DI,NIRCAM.F250M+F300M+F335M+F410M+F430M+F460M,Archived,GTO,1194,Beichman
HR8799,HR 8799 b,0.0,0.0,7.0,2000.0,1.2,13.0,1200.0,A5 V,5.98,DI,NIRCAM.F250M+F300M+F335M+F410M+F430M+F460M,Archived,GTO,1194,Beichman
HR8799,HR 8799 b,0.0,0.0,7.0,2000.0,1.2,13.0,1200.0,A5 V,5.98,DI,NIRCAM.F356W+F444W,Archived,GTO,1194,Beichman
HR8799,HR 8799 b,0.0,0.0,7.0,2000.0,1.2,13.0,1200.0,A5 V,5.98,DI,MIRI.F1065C,Archived,GTO,1194,Beichman
HR8799,HR 8799 b,0.0,0.0,7.0,2000.0,1.2,13.0,1200.0,A5 V,5.98,DI,MIRI.F1140C,Archived,GTO,1194,Beichman
HR8799,HR 8799 b,0.0,0.0,7.0,2000.0,1.2,13.0,1200.0,A5 V,5.98,DI,MIRI.F1550C,Archived,GTO,1194,Beichman
HR8799-BACKGROUND,-,-,-,-,-,-,-,-,-,-,DI,MIRI.F1550C,Archived,GTO,1194,Beichman
HR8799-BACKGROUND,-,-,-,-,-,-,-,-,-,-,DI,MIRI.F1140C,Archived,GTO,1194,Beichman
HR8799-BACKGROUND,-,-,-,-,-,-,-,-,-,-,DI,MIRI.F1065C,Archived,GTO,1194,Beichman
HD-218261,-,-,-,-,-,-,-,-,-,-,DI,MIRI.F1065C,Archived,GTO,1194,Beichman
HD-218261,-,-,-,-,-,-,-,-,-,-,DI,MIRI.F1140C,Archived,GTO,1194,Beichman
HD-218261,-,-,-,-,-,-,-,-,-,-,DI,MIRI.F1550C,Archived,GTO,1194,Beichman
HD-218261-BACKGROUND,-,-,-,-,-,-,-,-,-,-,DI,MIRI.F1550C,Archived,GTO,1194,Beichman
HD-218261-BACKGROUND,-,-,-,-,-,-,-,-,-,-,DI,MIRI.F1140C,Archived,GTO,1194,Beichman
HD-218261-BACKGROUND,-,-,-,-,-,-,-,-,-,-,DI,MIRI.F1065C,Archived,GTO,1194,Beichman
HD-95086,HD 95086 b,0.0,0.0,5.0,1589.0,1.15,12.9,1000.0,A8 III,7.36,DI,NIRCAM.F356W+F444W,Withdrawn,GTO,1195,Beichman
HD-95086,HD 95086 b,0.0,0.0,5.0,1589.0,1.15,12.9,1000.0,A8 III,7.36,DI,NIRCAM.F356W+F444W,Withdrawn,GTO,1195,Beichman
HD-95752,-,-,-,-,-,-,-,-,-,-,DI,NIRCAM.F356W+F444W,Withdrawn,GTO,1195,Beichman
51-ERI-BCKG,-,-,-,-,-,-,-,-,-,-,DI,MIRI.F1550C,Archived,GTO,1241,Ressler
51-ERI-BCKG,-,-,-,-,-,-,-,-,-,-,DI,MIRI.F1140C,Archived,GTO,1241,Ressler
51-ERI-BCKG,-,-,-,-,-,-,-,-,-,-,DI,MIRI.F1065C,Archived,GTO,1241,Ressler
51-ERI,51 Eri b,0.0,0.0,2.0,635.66,1.19,13.4,700.0,F0 IV,5.21149,DI,MIRI.F1550C,Archived,GTO,1241,Ressler
51-ERI,51 Eri b,0.0,0.0,2.0,635.66,1.19,13.4,700.0,F0 IV,5.21149,DI,MIRI.F1140C,Archived,GTO,1241,Ressler
51-ERI,51 Eri b,0.0,0.0,2.0,635.66,1.19,13.4,700.0,F0 IV,5.21149,DI,MIRI.F1065C,Archived,GTO,1241,Ressler
REF-51-ERI--TYC-4739-392-1,-,-,-,-,-,-,-,-,-,-,DI,MIRI.F1065C,Archived,GTO,1241,Ressler
REF-51-ERI--TYC-4739-392-1,-,-,-,-,-,-,-,-,-,-,DI,MIRI.F1140C,Archived,GTO,1241,Ressler
REF-51-ERI--TYC-4739-392-1,-,-,-,-,-,-,-,-,-,-,DI,MIRI.F1550C,Archived,GTO,1241,Ressler
REF-51-ERI--BCKGR,-,-,-,-,-,-,-,-,-,-,DI,MIRI.F1065C,Archived,GTO,1241,Ressler
REF-51-ERI--BCKGR,-,-,-,-,-,-,-,-,-,-,DI,MIRI.F1140C,Archived,GTO,1241,Ressler
REF-51-ERI--BCKGR,-,-,-,-,-,-,-,-,-,-,DI,MIRI.F1550C,Archived,GTO,1241,Ressler
KAPPA-AND-BCKG,-,-,-,-,-,-,-,-,-,-,DI,MIRI.F1550C,Archived,GTO,1241,Ressler
KAPPA-AND-BCKG,-,-,-,-,-,-,-,-,-,-,DI,MIRI.F1140C,Archived,GTO,1241,Ressler
KAPPA-AND-BCKG,-,-,-,-,-,-,-,-,-,-,DI,MIRI.F1065C,Archived,GTO,1241,Ressler
KAPPA-AND,kap And b,0.0,0.0,13.616,4327.36,1.1,12.3,1900.0,B9 IV,4.13791,DI,MIRI.F1550C,Archived,GTO,1241,Ressler
KAPPA-AND,kap And b,0.0,0.0,13.616,4327.36,1.1,12.3,1900.0,B9 IV,4.13791,DI,MIRI.F1140C,Archived,GTO,1241,Ressler
KAPPA-AND,kap And b,0.0,0.0,13.616,4327.36,1.1,12.3,1900.0,B9 IV,4.13791,DI,MIRI.F1065C,Archived,GTO,1241,Ressler
REF-KAPPA-AND--HD-222389,-,-,-,-,-,-,-,-,-,-,DI,MIRI.F1065C,Archived,GTO,1241,Ressler
REF-KAPPA-AND--HD-222389,-,-,-,-,-,-,-,-,-,-,DI,MIRI.F1140C,Archived,GTO,1241,Ressler
REF-KAPPA-AND--HD-222389,-,-,-,-,-,-,-,-,-,-,DI,MIRI.F1550C,Archived,GTO,1241,Ressler
REF-KAPPA-AND--BCKGR,-,-,-,-,-,-,-,-,-,-,DI,MIRI.F1065C,Archived,GTO,1241,Ressler
REF-KAPPA-AND--BCKGR,-,-,-,-,-,-,-,-,-,-,DI,MIRI.F1140C,Archived,GTO,1241,Ressler
REF-KAPPA-AND--BCKGR,-,-,-,-,-,-,-,-,-,-,DI,MIRI.F1550C,Archived,GTO,1241,Ressler
BETA-PIC-BCKGR,-,-,-,-,-,-,-,-,-,-,DI,MIRI.F1140C,Archived,GTO,1241,Ressler
BETA-PIC-BCKGR,-,-,-,-,-,-,-,-,-,-,DI,MIRI.F1065C,Archived,GTO,1241,Ressler
BETA-PIC,bet Pic b,0.0,0.0,11.729,3727.80939,1.65,18.495,1612.0,A5V,3.85,DI,MIRI.F1140C,Archived,GTO,1241,Ressler
BETA-PIC,bet Pic b,0.0,0.0,11.729,3727.80939,1.65,18.495,1612.0,A5V,3.85,DI,MIRI.F1065C,Archived,GTO,1241,Ressler
REF2-BETA-PIC--CD-45-2093,-,-,-,-,-,-,-,-,-,-,DI,MIRI.F1065C,Archived,GTO,1241,Ressler
REF2-BETA-PIC--CD-45-2093,-,-,-,-,-,-,-,-,-,-,DI,MIRI.F1140C,Archived,GTO,1241,Ressler
REF2-BETA-PIC--BCKGR,-,-,-,-,-,-,-,-,-,-,DI,MIRI.F1065C,Archived,GTO,1241,Ressler
REF2-BETA-PIC--BCKGR,-,-,-,-,-,-,-,-,-,-,DI,MIRI.F1140C,Archived,GTO,1241,Ressler
HR-2562-BKGRD,-,-,-,-,-,-,-,-,-,-,DI,MIRI.F1550C,Archived,GTO,1241,Ressler
HR-2562-BKGRD,-,-,-,-,-,-,-,-,-,-,DI,MIRI.F1140C,Archived,GTO,1241,Ressler
HR-2562-BKGRD,-,-,-,-,-,-,-,-,-,-,DI,MIRI.F1065C,Archived,GTO,1241,Ressler
HR-2562,HR 2562 b,0.0,0.0,30.0,9534.9,1.11,12.442,1200.0,F5 V,6.11,DI,MIRI.F1550C,Archived,GTO,1241,Ressler
HR-2562,HR 2562 b,0.0,0.0,30.0,9534.9,1.11,12.442,1200.0,F5 V,6.11,DI,MIRI.F1140C,Archived,GTO,1241,Ressler
HR-2562,HR 2562 b,0.0,0.0,30.0,9534.9,1.11,12.442,1200.0,F5 V,6.11,DI,MIRI.F1065C,Archived,GTO,1241,Ressler
REF-HR-2562--HD-49518,-,-,-,-,-,-,-,-,-,-,DI,MIRI.F1065C,Archived,GTO,1241,Ressler
REF-HR-2562--HD-49518,-,-,-,-,-,-,-,-,-,-,DI,MIRI.F1140C,Archived,GTO,1241,Ressler
REF-HR-2562--HD-49518,-,-,-,-,-,-,-,-,-,-,DI,MIRI.F1550C,Archived,GTO,1241,Ressler
REF-HR-2562--BCKGR,-,-,-,-,-,-,-,-,-,-,DI,MIRI.F1065C,Archived,GTO,1241,Ressler
REF-HR-2562--BCKGR,-,-,-,-,-,-,-,-,-,-,DI,MIRI.F1140C,Archived,GTO,1241,Ressler
REF-HR-2562--BCKGR,-,-,-,-,-,-,-,-,-,-,DI,MIRI.F1550C,Archived,GTO,1241,Ressler
HD-95086,HD 95086 b,0.0,0.0,5.0,1589.0,1.15,12.9,1000.0,A8 III,7.36,DI,MIRI.F1065C,Archived,GTO,1277,Lagage
HD-95086,HD 95086 b,0.0,0.0,5.0,1589.0,1.15,12.9,1000.0,A8 III,7.36,DI,MIRI.F1140C,Archived,GTO,1277,Lagage
HD-95086,HD 95086 b,0.0,0.0,5.0,1589.0,1.15,12.9,1000.0,A8 III,7.36,DI,MIRI.F2300C,Archived,GTO,1277,Lagage
HD-95086-BACKGOUND,-,-,-,-,-,-,-,-,-,-,DI,MIRI.F2300C,Archived,GTO,1277,Lagage
HD-95086-BACKGOUND,-,-,-,-,-,-,-,-,-,-,DI,MIRI.F1140C,Archived,GTO,1277,Lagage
HD-95086-BACKGOUND,-,-,-,-,-,-,-,-,-,-,DI,MIRI.F1065C,Archived,GTO,1277,Lagage
HD-310459,-,-,-,-,-,-,-,-,-,-,DI,MIRI.F1065C,Archived,GTO,1277,Lagage
HD-310459,-,-,-,-,-,-,-,-,-,-,DI,MIRI.F1140C,Archived,GTO,1277,Lagage
HD-310459,-,-,-,-,-,-,-,-,-,-,DI,MIRI.F2300C,Archived,GTO,1277,Lagage
HD-310459-BACKGROUND,-,-,-,-,-,-,-,-,-,-,DI,MIRI.F2300C,Archived,GTO,1277,Lagage
HD-310459-BACKGROUND,-,-,-,-,-,-,-,-,-,-,DI,MIRI.F1140C,Archived,GTO,1277,Lagage
HD-310459-BACKGROUND,-,-,-,-,-,-,-,-,-,-,DI,MIRI.F1065C,Archived,GTO,1277,Lagage
GJ-504,-,-,-,-,-,-,-,-,-,-,DI,MIRI.F1065C,Archived,GTO,1277,Lagage
GJ-504,-,-,-,-,-,-,-,-,-,-,DI,MIRI.F1140C,Archived,GTO,1277,Lagage
GJ-504,-,-,-,-,-,-,-,-,-,-,DI,MIRI.F1550C,Archived,GTO,1277,Lagage
GJ-504-BACKGROUND,-,-,-,-,-,-,-,-,-,-,DI,MIRI.F1550C,Archived,GTO,1277,Lagage
GJ-504-BACKGROUND,-,-,-,-,-,-,-,-,-,-,DI,MIRI.F1140C,Archived,GTO,1277,Lagage
GJ-504-BACKGROUND,-,-,-,-,-,-,-,-,-,-,DI,MIRI.F1065C,Archived,GTO,1277,Lagage
HD-106906,HD 106906 b,0.0,0.0,11.0,3496.0,1.11,12.4,1800.0,F5 V,7.8,DI,MIRI.F1140C,Archived,GTO,1277,Lagage
HD-106906,HD 106906 b,0.0,0.0,11.0,3496.0,1.11,12.4,1800.0,F5 V,7.8,DI,MIRI.F1550C,Archived,GTO,1277,Lagage
HD-106906-BACKGROUND,-,-,-,-,-,-,-,-,-,-,DI,MIRI.F1550C,Archived,GTO,1277,Lagage
HD-106906-BACKGROUND,-,-,-,-,-,-,-,-,-,-,DI,MIRI.F1140C,Archived,GTO,1277,Lagage
V-TW-HYA.CORO,-,-,-,-,-,-,-,-,-,-,DI,MIRI.F1550C,Skipped,GTO,1282,Henning
V-TW-HYA.CORO,-,-,-,-,-,-,-,-,-,-,DI,MIRI.F1550C,Archived,GTO,1282,Henning
V-TW-HYA.CORO,-,-,-,-,-,-,-,-,-,-,DI,MIRI.F1550C,Skipped,GTO,1282,Henning
V-TW-HYA.CORO,-,-,-,-,-,-,-,-,-,-,DI,MIRI.F1550C,Archived,GTO,1282,Henning
V-TW-HYA.CORO,-,-,-,-,-,-,-,-,-,-,DI,MIRI.F1550C,Skipped,GTO,1282,Henning
V-TW-HYA.CORO,-,-,-,-,-,-,-,-,-,-,DI,MIRI.F1550C,Archived,GTO,1282,Henning
V-TW-HYA.CORO,-,-,-,-,-,-,-,-,-,-,DI,MIRI.F1550C,Skipped,GTO,1282,Henning
V-TW-HYA.CORO,-,-,-,-,-,-,-,-,-,-,DI,MIRI.F1550C,Archived,GTO,1282,Henning
TW-HYA.BG,-,-,-,-,-,-,-,-,-,-,DI,MIRI.F1550C,Skipped,GTO,1282,Henning
TW-HYA.BG,-,-,-,-,-,-,-,-,-,-,DI,MIRI.F1550C,Archived,GTO,1282,Henning
TW-HYA.BG,-,-,-,-,-,-,-,-,-,-,DI,MIRI.F1550C,Skipped,GTO,1282,Henning
TW-HYA.BG,-,-,-,-,-,-,-,-,-,-,DI,MIRI.F1550C,Archived,GTO,1282,Henning
6-26-CRT_PSF.CORO,-,-,-,-,-,-,-,-,-,-,DI,MIRI.F1550C,Skipped,GTO,1282,Henning
6-26-CRT_PSF.CORO,-,-,-,-,-,-,-,-,-,-,DI,MIRI.F1550C,Archived,GTO,1282,Henning
6-26_CRT_REF.BG,-,-,-,-,-,-,-,-,-,-,DI,MIRI.F1550C,Skipped,GTO,1282,Henning
6-26_CRT_REF.BG,-,-,-,-,-,-,-,-,-,-,DI,MIRI.F1550C,Archived,GTO,1282,Henning
HIP-68245,-,-,-,-,-,-,-,-,-,-,DI,NIRCAM.F250M+F300M+F410M+F356W+F444W,Archived,ERS,1386,Hinkley
HIP-65426,HIP 65426 b,0.0,0.0,9.0,2860.47,1.5,16.814,1500.0,A2 V,7.01,DI,NIRCAM.F250M+F300M+F410M+F356W+F444W,Archived,ERS,1386,Hinkley
HIP-65426,HIP 65426 b,0.0,0.0,9.0,2860.47,1.5,16.814,1500.0,A2 V,7.01,DI,NIRCAM.F250M+F300M+F410M+F356W+F444W,Archived,ERS,1386,Hinkley
HIP-65426,HIP 65426 b,0.0,0.0,9.0,2860.47,1.5,16.814,1500.0,A2 V,7.01,DI,MIRI.F1140C,Archived,ERS,1386,Hinkley
HIP-65426,HIP 65426 b,0.0,0.0,9.0,2860.47,1.5,16.814,1500.0,A2 V,7.01,DI,MIRI.F1140C,Archived,ERS,1386,Hinkley
HIP-68245,-,-,-,-,-,-,-,-,-,-,DI,MIRI.F1140C,Archived,ERS,1386,Hinkley
HIP-68245,-,-,-,-,-,-,-,-,-,-,DI,MIRI.F1550C,Archived,ERS,1386,Hinkley
HIP-65426,HIP 65426 b,0.0,0.0,9.0,2860.47,1.5,16.814,1500.0,A2 V,7.01,DI,MIRI.F1550C,Archived,ERS,1386,Hinkley
HIP-65426,HIP 65426 b,0.0,0.0,9.0,2860.47,1.5,16.814,1500.0,A2 V,7.01,DI,MIRI.F1550C,Archived,ERS,1386,Hinkley
HIP-65426-BACKGROUND,-,-,-,-,-,-,-,-,-,-,DI,MIRI.F1140C,Archived,ERS,1386,Hinkley
HIP-65426-BACKGROUND,-,-,-,-,-,-,-,-,-,-,DI,MIRI.F1140C,Archived,ERS,1386,Hinkley
HIP-65426-BACKGROUND,-,-,-,-,-,-,-,-,-,-,DI,MIRI.F1550C,Archived,ERS,1386,Hinkley
HIP-65426-BACKGROUND,-,-,-,-,-,-,-,-,-,-,DI,MIRI.F1550C,Archived,ERS,1386,Hinkley
HD-140986,-,-,-,-,-,-,-,-,-,-,DI,NIRCAM.F300M+F360M,Skipped,ERS,1386,Hinkley
HD-141569A,-,-,-,-,-,-,-,-,-,-,DI,NIRCAM.F300M+F360M,Failed,ERS,1386,Hinkley
HD-141569A,-,-,-,-,-,-,-,-,-,-,DI,NIRCAM.F300M+F360M,Skipped,ERS,1386,Hinkley
HD-140986,-,-,-,-,-,-,-,-,-,-,DI,NIRCAM.F300M+F360M,Skipped,ERS,1386,Hinkley
HD-141569A,-,-,-,-,-,-,-,-,-,-,DI,MIRI.F1065C,Archived,ERS,1386,Hinkley
HD-141569A,-,-,-,-,-,-,-,-,-,-,DI,MIRI.F1065C,Archived,ERS,1386,Hinkley
HD-140986,-,-,-,-,-,-,-,-,-,-,DI,MIRI.F1065C,Archived,ERS,1386,Hinkley
HD-141569A,-,-,-,-,-,-,-,-,-,-,DI,MIRI.F1140C,Archived,ERS,1386,Hinkley
HD-141569A,-,-,-,-,-,-,-,-,-,-,DI,MIRI.F1140C,Archived,ERS,1386,Hinkley
HD-140986,-,-,-,-,-,-,-,-,-,-,DI,MIRI.F1140C,Archived,ERS,1386,Hinkley
HD-141569A,-,-,-,-,-,-,-,-,-,-,DI,MIRI.F1550C,Archived,ERS,1386,Hinkley
HD-141569A,-,-,-,-,-,-,-,-,-,-,DI,MIRI.F1550C,Archived,ERS,1386,Hinkley
HD-140986,-,-,-,-,-,-,-,-,-,-,DI,MIRI.F1550C,Archived,ERS,1386,Hinkley
HD-141569A-BACKGROUND,-,-,-,-,-,-,-,-,-,-,DI,MIRI.F1065C,Archived,ERS,1386,Hinkley
HD-141569A-BACKGROUND,-,-,-,-,-,-,-,-,-,-,DI,MIRI.F1065C,Archived,ERS,1386,Hinkley
HD-141569A-BACKGROUND,-,-,-,-,-,-,-,-,-,-,DI,MIRI.F1140C,Archived,ERS,1386,Hinkley
HD-141569A-BACKGROUND,-,-,-,-,-,-,-,-,-,-,DI,MIRI.F1140C,Archived,ERS,1386,Hinkley
HD-141569A-BACKGROUND,-,-,-,-,-,-,-,-,-,-,DI,MIRI.F1550C,Archived,ERS,1386,Hinkley
HD-141569A-BACKGROUND,-,-,-,-,-,-,-,-,-,-,DI,MIRI.F1550C,Archived,ERS,1386,Hinkley
HD-140986,-,-,-,-,-,-,-,-,-,-,DI,NIRCAM.F300M+F360M,Archived,ERS,1386,Hinkley
HD-141569A,-,-,-,-,-,-,-,-,-,-,DI,NIRCAM.F300M+F360M,Archived,ERS,1386,Hinkley
HD-141569A,-,-,-,-,-,-,-,-,-,-,DI,NIRCAM.F300M+F360M,Archived,ERS,1386,Hinkley
HD-140986,-,-,-,-,-,-,-,-,-,-,DI,NIRCAM.F300M+F360M,Archived,ERS,1386,Hinkley
BETA-PIC-BACKGROUND,-,-,-,-,-,-,-,-,-,-,DI,MIRI.F1550C,Archived,GTO,1411,Stark
BETA-PIC-BACKGROUND,-,-,-,-,-,-,-,-,-,-,DI,MIRI.F2300C,Archived,GTO,1411,Stark
BETA-PIC,bet Pic b,0.0,0.0,11.729,3727.80939,1.65,18.495,1612.0,A5V,3.85,DI,MIRI.F2300C,Archived,GTO,1411,Stark
BETA-PIC,bet Pic b,-1.0,-1.0,11.729,3727.80939,1.65,18.495,1612.0,A5V,3.85,DI,MIRI.F1550C,Archived,GTO,1411,Stark
BETA-PIC,bet Pic b,-1.0,-1.0,11.729,3727.80939,1.65,18.495,1612.0,A5V,3.85,DI,MIRI.F1550C,Archived,GTO,1411,Stark
BETA-PIC,bet Pic b,-1.0,-1.0,11.729,3727.80939,1.65,18.495,1612.0,A5V,3.85,DI,MIRI.F2300C,Archived,GTO,1411,Stark
ALPHA-PIC,-,-,-,-,-,-,-,-,-,-,DI,MIRI.F2300C,Archived,GTO,1411,Stark
ALPHA-PIC,-,-,-,-,-,-,-,-,-,-,DI,MIRI.F1550C,Archived,GTO,1411,Stark
ALPHA-PIC-BACKGROUND,-,-,-,-,-,-,-,-,-,-,DI,MIRI.F1550C,Archived,GTO,1411,Stark
ALPHA-PIC-BACKGROUND,-,-,-,-,-,-,-,-,-,-,DI,MIRI.F2300C,Archived,GTO,1411,Stark
ALPHA-PIC,-,-,-,-,-,-,-,-,-,-,DI,NIRCAM.F250M+F300M+F335M+F444W,Skipped,GTO,1411,Stark
ALPHA-PIC,-,-,-,-,-,-,-,-,-,-,DI,NIRCAM.N/A,Failed,GTO,1411,Stark
BETA-PIC,bet Pic b,0.0,0.0,11.729,3727.80939,1.65,18.495,1612.0,A5V,3.85,DI,NIRCAM.N/A,Archived,GTO,1411,Stark
BETA-PIC,bet Pic b,0.0,0.0,11.729,3727.80939,1.65,18.495,1612.0,A5V,3.85,DI,NIRCAM.N/A,Archived,GTO,1411,Stark
BETA-PIC,bet Pic b,0.0,0.0,11.729,3727.80939,1.65,18.495,1612.0,A5V,3.85,DI,NIRCAM.F250M+F300M+F335M+F444W,Archived,GTO,1411,Stark
BETA-PIC,bet Pic b,0.0,0.0,11.729,3727.80939,1.65,18.495,1612.0,A5V,3.85,DI,NIRCAM.F250M+F300M+F335M+F444W,Archived,GTO,1411,Stark
ALPHA-PIC,-,-,-,-,-,-,-,-,-,-,DI,NIRCAM.F250M+F300M+F335M+F444W,Archived,GTO,1411,Stark
ALPHA-PIC,-,-,-,-,-,-,-,-,-,-,DI,NIRCAM.N/A,Archived,GTO,1411,Stark
51-ERI,51 Eri b,0.0,0.0,2.0,635.66,1.19,13.4,700.0,F0 IV,5.21149,DI,NIRCAM.F356W+F444W,Archived,GTO,1412,Perrin
51-ERI,51 Eri b,0.0,0.0,2.0,635.66,1.19,13.4,700.0,F0 IV,5.21149,DI,NIRCAM.F335M+F410M+F430M+F460M,Failed,GTO,1412,Perrin
HD-30562,-,-,-,-,-,-,-,-,-,-,DI,NIRCAM.F356W+F444W,Archived,GTO,1412,Perrin
HD-30562,-,-,-,-,-,-,-,-,-,-,DI,NIRCAM.F335M+F410M+F430M+F460M,Failed,GTO,1412,Perrin
51-ERI,51 Eri b,0.0,0.0,2.0,635.66,1.19,13.4,700.0,F0 IV,5.21149,DI,NIRCAM.F335M+F410M+F430M+F460M,Failed,GTO,1412,Perrin
51-ERI,51 Eri b,0.0,0.0,2.0,635.66,1.19,13.4,700.0,F0 IV,5.21149,DI,NIRCAM.F356W+F444W,Archived,GTO,1412,Perrin
51-ERI,51 Eri b,0.0,0.0,2.0,635.66,1.19,13.4,700.0,F0 IV,5.21149,DI,NIRCAM.F335M+F410M+F430M+F460M,Archived,GTO,1412,Perrin
HD-30562,-,-,-,-,-,-,-,-,-,-,DI,NIRCAM.F335M+F410M+F430M+F460M,Archived,GTO,1412,Perrin
51-ERI,51 Eri b,-1.0,-1.0,2.0,635.66,1.19,13.4,700.0,F0 IV,5.21149,DI,NIRCAM.F335M+F410M+F430M+F460M,Archived,GTO,1412,Perrin
GJ-758,-,-,-,-,-,-,-,-,-,-,DI,MIRI.F1065C,Failed,GTO,1413,Pueyo
GJ-758-revised,-,-,-,-,-,-,-,-,-,-,DI,MIRI.F1065C,Archived,GTO,1413,Pueyo
GJ-758,-,-,-,-,-,-,-,-,-,-,DI,MIRI.F1140C,Failed,GTO,1413,Pueyo
GJ-758-revised,-,-,-,-,-,-,-,-,-,-,DI,MIRI.F1140C,Archived,GTO,1413,Pueyo
GJ-758,-,-,-,-,-,-,-,-,-,-,DI,MIRI.F1550C,Failed,GTO,1413,Pueyo
GJ-758-revised,-,-,-,-,-,-,-,-,-,-,DI,MIRI.F1550C,Archived,GTO,1413,Pueyo
GJ-758-Background,-,-,-,-,-,-,-,-,-,-,DI,MIRI.F1550C,Archived,GTO,1413,Pueyo
GJ-758-Background,-,-,-,-,-,-,-,-,-,-,DI,MIRI.F1140C,Archived,GTO,1413,Pueyo
GJ-758-Background,-,-,-,-,-,-,-,-,-,-,DI,MIRI.F1065C,Archived,GTO,1413,Pueyo
HD-190360,-,-,-,-,-,-,-,-,-,-,DI,MIRI.F1065C,Archived,GTO,1413,Pueyo
HD-190360,-,-,-,-,-,-,-,-,-,-,DI,MIRI.F1140C,Archived,GTO,1413,Pueyo
HD-190360,-,-,-,-,-,-,-,-,-,-,DI,MIRI.F1550C,Archived,GTO,1413,Pueyo
HD-190360-BACKGROUND,-,-,-,-,-,-,-,-,-,-,DI,MIRI.F1550C,Archived,GTO,1413,Pueyo
HD-190360-BACKGROUND,-,-,-,-,-,-,-,-,-,-,DI,MIRI.F1140C,Archived,GTO,1413,Pueyo
HD-190360-BACKGROUND,-,-,-,-,-,-,-,-,-,-,DI,MIRI.F1065C,Archived,GTO,1413,Pueyo
GJ-758,-,-,-,-,-,-,-,-,-,-,DI,MIRI.F1065C,Failed,GTO,1413,Pueyo
GJ-758-revised,-,-,-,-,-,-,-,-,-,-,DI,MIRI.F1065C,Archived,GTO,1413,Pueyo
GJ-758,-,-,-,-,-,-,-,-,-,-,DI,MIRI.F1140C,Failed,GTO,1413,Pueyo
GJ-758-revised,-,-,-,-,-,-,-,-,-,-,DI,MIRI.F1140C,Archived,GTO,1413,Pueyo
GJ-758,-,-,-,-,-,-,-,-,-,-,DI,MIRI.F1550C,Failed,GTO,1413,Pueyo
GJ-758-revised,-,-,-,-,-,-,-,-,-,-,DI,MIRI.F1550C,Archived,GTO,1413,Pueyo
49-CET,-,-,-,-,-,-,-,-,-,-,DI,NIRCAM.F444W,Archived,GO,1563,Chen
49-CET,-,-,-,-,-,-,-,-,-,-,DI,NIRCAM.F444W,Archived,GO,1563,Chen
RHO-CET-PSF-CALIBRATOR,-,-,-,-,-,-,-,-,-,-,DI,NIRCAM.F444W,Archived,GO,1563,Chen
EPS-MUS-OFFSET4ARCSEC-BIN,-,-,-,-,-,-,-,-,-,-,DI,MIRI.F1550C,Failed,GO,1618,Beichman
EPS-MUS-BACKGROUND,-,-,-,-,-,-,-,-,-,-,DI,MIRI.F1550C,Failed,GO,1618,Beichman
ALPHACENOFFSET-5ARCSECBIN,-,-,-,-,-,-,-,-,-,-,DI,MIRI.F1550C,Failed,GO,1618,Beichman
ALF-CEN-BACKGROUND,-,-,-,-,-,-,-,-,-,-,DI,MIRI.F1550C,Failed,GO,1618,Beichman
ALPHACENOFFSET-5ARCSECBIN,-,-,-,-,-,-,-,-,-,-,DI,MIRI.F1550C,Failed,GO,1618,Beichman
ALF-CEN-BACKGROUND,-,-,-,-,-,-,-,-,-,-,DI,MIRI.F1550C,Failed,GO,1618,Beichman
EPS-MUS-OFFSET4ARCSEC-BIN,-,-,-,-,-,-,-,-,-,-,DI,MIRI.F1550C,Failed,GO,1618,Beichman
EPS-MUS-BACKGROUND,-,-,-,-,-,-,-,-,-,-,DI,MIRI.F1550C,Failed,GO,1618,Beichman
NEW-EPS-MUS-OFFSET4ARCSEC-BIN,-,-,-,-,-,-,-,-,-,-,DI,MIRI.F1550C,Archived,GO,1618,Beichman
NEW-EPS-MUS-BACKGROUND1,-,-,-,-,-,-,-,-,-,-,DI,MIRI.F1550C,Archived,GO,1618,Beichman
AlphaCen-Offset-StarG0,-,-,-,-,-,-,-,-,-,-,DI,MIRI.F1550C,Skipped,GO,1618,Beichman
Final_Acen_Bkgnd1,-,-,-,-,-,-,-,-,-,-,DI,MIRI.F1550C,Archived,GO,1618,Beichman
AlphaCen-Offset-StarG0,-,-,-,-,-,-,-,-,-,-,DI,MIRI.F1550C,Archived,GO,1618,Beichman
Final_Acen_Bkgnd2,-,-,-,-,-,-,-,-,-,-,DI,MIRI.F1550C,Archived,GO,1618,Beichman
NEW-EPS-MUS-OFFSET4ARCSEC-BIN,-,-,-,-,-,-,-,-,-,-,DI,MIRI.F1550C,Archived,GO,1618,Beichman
NEW-EPS-MUS-BACKGROUND1,-,-,-,-,-,-,-,-,-,-,DI,MIRI.F1550C,Archived,GO,1618,Beichman
NEW-EPS-MUS-OFFSET4ARCSEC-BIN,-,-,-,-,-,-,-,-,-,-,DI,MIRI.F1550C,Archived,GO,1618,Beichman
NEW-EPS-MUS-OFFSET4ARCSEC-BIN,-,-,-,-,-,-,-,-,-,-,DI,MIRI.F1550C,Archived,GO,1618,Beichman
NEW-EPS-MUS-BACKGROUND1,-,-,-,-,-,-,-,-,-,-,DI,MIRI.F1550C,Archived,GO,1618,Beichman
Acen-Ofset--Star-G3,-,-,-,-,-,-,-,-,-,-,DI,MIRI.F1550C,Archived,GO,1618,Beichman
Final_Acen_Bkgnd1,-,-,-,-,-,-,-,-,-,-,DI,MIRI.F1550C,Archived,GO,1618,Beichman
BKG-HD107146,-,-,-,-,-,-,-,-,-,-,DI,MIRI.F1140C,Archived,GO,1668,Marino
HD107146,-,-,-,-,-,-,-,-,-,-,DI,MIRI.F1140C,Archived,GO,1668,Marino
HD107146,-,-,-,-,-,-,-,-,-,-,DI,MIRI.F1140C,Archived,GO,1668,Marino
PSF-HD107146,-,-,-,-,-,-,-,-,-,-,DI,MIRI.F1140C,Archived,GO,1668,Marino
BKG-PSF-HD107146,-,-,-,-,-,-,-,-,-,-,DI,MIRI.F1140C,Archived,GO,1668,Marino
BKG-HD92945,-,-,-,-,-,-,-,-,-,-,DI,MIRI.F1140C,Archived,GO,1668,Marino
HD92945,-,-,-,-,-,-,-,-,-,-,DI,MIRI.F1140C,Archived,GO,1668,Marino
HD92945,-,-,-,-,-,-,-,-,-,-,DI,MIRI.F1140C,Archived,GO,1668,Marino
PSF-HD92945,-,-,-,-,-,-,-,-,-,-,DI,MIRI.F1140C,Archived,GO,1668,Marino
BKG-PSF-HD92945,-,-,-,-,-,-,-,-,-,-,DI,MIRI.F1140C,Archived,GO,1668,Marino
BKG-HD206893,-,-,-,-,-,-,-,-,-,-,DI,MIRI.F1140C,Archived,GO,1668,Marino
HD206893,HD 206893 b,0.0,0.0,28.0,8899.1954,1.25,14.011,1429.0,F5 V,6.68804,DI,MIRI.F1140C,Archived,GO,1668,Marino
HD206893,HD 206893 b,0.0,0.0,28.0,8899.1954,1.25,14.011,1429.0,F5 V,6.68804,DI,MIRI.F1140C,Archived,GO,1668,Marino
PSF-HD206893,-,-,-,-,-,-,-,-,-,-,DI,MIRI.F1140C,Archived,GO,1668,Marino
BKG-PSF-HD206893,-,-,-,-,-,-,-,-,-,-,DI,MIRI.F1140C,Archived,GO,1668,Marino
HD-163296,-,-,-,-,-,-,-,-,-,-,DI,MIRI.F1140C,Skipped,GO,2153,Cugno
HD-163296,-,-,-,-,-,-,-,-,-,-,DI,MIRI.F1140C,Archived,GO,2153,Cugno
HD-163296,-,-,-,-,-,-,-,-,-,-,DI,MIRI.F1140C,Failed,GO,2153,Cugno
HD-163296,-,-,-,-,-,-,-,-,-,-,DI,MIRI.F1140C,Archived,GO,2153,Cugno
HD-163296-BACKGROUND,-,-,-,-,-,-,-,-,-,-,DI,MIRI.F1140C,Archived,GO,2153,Cugno
IRAS-17555-2235-BACKGROUND,-,-,-,-,-,-,-,-,-,-,DI,MIRI.F1140C,Archived,GO,2153,Cugno
IRAS-17555-2235,-,-,-,-,-,-,-,-,-,-,DI,MIRI.F1140C,Archived,GO,2153,Cugno
BG-NEAR-DI-TUC,-,-,-,-,-,-,-,-,-,-,DI,MIRI.F1550C,Archived,GO,2243,Matthews
BG-NEAR-DI-TUC,-,-,-,-,-,-,-,-,-,-,DI,MIRI.F1550C,Archived,GO,2243,Matthews
BG-NEAR-DI-TUC,-,-,-,-,-,-,-,-,-,-,DI,MIRI.F1065C,Archived,GO,2243,Matthews
BG-NEAR-DI-TUC,-,-,-,-,-,-,-,-,-,-,DI,MIRI.F1065C,Archived,GO,2243,Matthews
V-DI-TUC,-,-,-,-,-,-,-,-,-,-,DI,MIRI.F1065C,Archived,GO,2243,Matthews
V-DI-TUC,-,-,-,-,-,-,-,-,-,-,DI,MIRI.F1550C,Archived,GO,2243,Matthews
EPS-IND,-,-,-,-,-,-,-,-,-,-,DI,MIRI.F1550C,Archived,GO,2243,Matthews
EPS-IND,-,-,-,-,-,-,-,-,-,-,DI,MIRI.F1065C,Archived,GO,2243,Matthews
HD-314955,-,-,-,-,-,-,-,-,-,-,DI,NIRCAM.F250M+F300M+F335M+F444W,Archived,GO,2278,Cleeves
HD-314955,-,-,-,-,-,-,-,-,-,-,DI,NIRCAM.N/A,Failed,GO,2278,Cleeves
HD-172075,-,-,-,-,-,-,-,-,-,-,DI,NIRCAM.F300M,Archived,GO,2278,Cleeves
V4046-SGR,-,-,-,-,-,-,-,-,-,-,DI,NIRCAM.N/A,Archived,GO,2278,Cleeves
V4046-SGR,-,-,-,-,-,-,-,-,-,-,DI,NIRCAM.N/A,Failed,GO,2278,Cleeves
V4046-SGR,-,-,-,-,-,-,-,-,-,-,DI,NIRCAM.F300M,Skipped,GO,2278,Cleeves
V4046-SGR,-,-,-,-,-,-,-,-,-,-,DI,NIRCAM.F300M,Archived,GO,2278,Cleeves
V4046-SGR,-,-,-,-,-,-,-,-,-,-,DI,NIRCAM.F250M+F300M+F335M+F444W,Archived,GO,2278,Cleeves
V4046-SGR,-,-,-,-,-,-,-,-,-,-,DI,NIRCAM.F250M+F300M+F335M+F444W,Archived,GO,2278,Cleeves
BKG-GJ14,-,-,-,-,-,-,-,-,-,-,DI,MIRI.F1140C,Archived,GO,2538,Hinkley
GJ14,-,-,-,-,-,-,-,-,-,-,DI,MIRI.F1140C,Archived,GO,2538,Hinkley
GJ14,-,-,-,-,-,-,-,-,-,-,DI,MIRI.F1140C,Archived,GO,2538,Hinkley
PSF-GJ14,-,-,-,-,-,-,-,-,-,-,DI,MIRI.F1140C,Archived,GO,2538,Hinkley
BKG-PSF-GJ14,-,-,-,-,-,-,-,-,-,-,DI,MIRI.F1140C,Archived,GO,2538,Hinkley
BKG-HD202628,-,-,-,-,-,-,-,-,-,-,DI,MIRI.F1140C,Archived,GO,2538,Hinkley
HD202628,-,-,-,-,-,-,-,-,-,-,DI,MIRI.F1140C,Archived,GO,2538,Hinkley
HD202628,-,-,-,-,-,-,-,-,-,-,DI,MIRI.F1140C,Archived,GO,2538,Hinkley
PSF-HD202628,-,-,-,-,-,-,-,-,-,-,DI,MIRI.F1140C,Archived,GO,2538,Hinkley
BKG-PSF-HD202628,-,-,-,-,-,-,-,-,-,-,DI,MIRI.F1140C,Archived,GO,2538,Hinkley
BKG-HD21997,-,-,-,-,-,-,-,-,-,-,DI,MIRI.F1140C,Failed,GO,2538,Hinkley
HD21997,-,-,-,-,-,-,-,-,-,-,DI,MIRI.F1140C,Skipped,GO,2538,Hinkley
HD21997,-,-,-,-,-,-,-,-,-,-,DI,MIRI.F1140C,Failed,GO,2538,Hinkley
PSF-HD21997,-,-,-,-,-,-,-,-,-,-,DI,MIRI.F1140C,Failed,GO,2538,Hinkley
BKG-PSF-HD21997,-,-,-,-,-,-,-,-,-,-,DI,MIRI.F1140C,Failed,GO,2538,Hinkley
BKG-HD21997,-,-,-,-,-,-,-,-,-,-,DI,MIRI.F1140C,Archived,GO,2538,Hinkley
HD21997,-,-,-,-,-,-,-,-,-,-,DI,MIRI.F1140C,Archived,GO,2538,Hinkley
HD21997,-,-,-,-,-,-,-,-,-,-,DI,MIRI.F1140C,Archived,GO,2538,Hinkley
PSF-HD21997,-,-,-,-,-,-,-,-,-,-,DI,MIRI.F1140C,Archived,GO,2538,Hinkley
BKG-PSF-HD21997,-,-,-,-,-,-,-,-,-,-,DI,MIRI.F1140C,Archived,GO,2538,Hinkley
HD-163296,-,-,-,-,-,-,-,-,-,-,DI,NIRCAM.F410M,Archived,GO,2540,Ricci
HD-163296,-,-,-,-,-,-,-,-,-,-,DI,NIRCAM.F410M,Archived,GO,2540,Ricci
HD-163296,-,-,-,-,-,-,-,-,-,-,DI,NIRCAM.F410M,Archived,GO,2540,Ricci
HD-163296,-,-,-,-,-,-,-,-,-,-,DI,NIRCAM.F410M,Archived,GO,2540,Ricci
J1305+0421-FAINT-REF-KMAG13,-,-,-,-,-,-,-,-,-,-,DI,NIRCAM.F335M+F460M,Skipped,GO,2627,Ygouf
BD+05-2724-BRIGHT-REF-KMAG7,-,-,-,-,-,-,-,-,-,-,DI,NIRCAM.F335M+F460M,Skipped,GO,2627,Ygouf
HD-114174-TARGET-STAR-KMAG5,-,-,-,-,-,-,-,-,-,-,DI,NIRCAM.F335M+F460M,Skipped,GO,2627,Ygouf
HD-114174-TARGET-STAR-KMAG5,-,-,-,-,-,-,-,-,-,-,DI,NIRCAM.F335M+F460M,Skipped,GO,2627,Ygouf
J1305+0421-FAINT-REF-KMAG13,-,-,-,-,-,-,-,-,-,-,DI,NIRCAM.F335M+F460M,Archived,GO,2627,Ygouf
BD+05-2724-BRIGHT-REF-KMAG7,-,-,-,-,-,-,-,-,-,-,DI,NIRCAM.F335M+F460M,Archived,GO,2627,Ygouf
HD-114174-TARGET-STAR-KMAG5,-,-,-,-,-,-,-,-,-,-,DI,NIRCAM.F335M+F460M,Archived,GO,2627,Ygouf
HD-114174-TARGET-STAR-KMAG5,-,-,-,-,-,-,-,-,-,-,DI,NIRCAM.F335M+F460M,Archived,GO,2627,Ygouf
HD-10647,-,-,-,-,-,-,-,-,-,-,DI,NIRCAM.F335M+F250M+F300M+F444W,Archived,GTO,2780,Gaspar
HD-10647,-,-,-,-,-,-,-,-,-,-,DI,NIRCAM.F335M+F250M+F300M+F444W,Archived,GTO,2780,Gaspar
HD-10647-PSF,-,-,-,-,-,-,-,-,-,-,DI,NIRCAM.F335M+F250M+F300M+F444W,Archived,GTO,2780,Gaspar
HD-107146,-,-,-,-,-,-,-,-,-,-,DI,NIRCAM.F335M+F250M+F300M+F444W,Archived,GTO,2780,Gaspar
HD-107146,-,-,-,-,-,-,-,-,-,-,DI,NIRCAM.F335M+F250M+F300M+F444W,Archived,GTO,2780,Gaspar
HD-107146-PSF,-,-,-,-,-,-,-,-,-,-,DI,NIRCAM.F335M+F250M+F300M+F444W,Archived,GTO,2780,Gaspar
HD-181327,-,-,-,-,-,-,-,-,-,-,DI,NIRCAM.F335M+F250M+F300M+F444W,Archived,GTO,2780,Gaspar
HD-181327,-,-,-,-,-,-,-,-,-,-,DI,NIRCAM.F335M+F250M+F300M+F444W,Failed,GTO,2780,Gaspar
HD-181327-PSF,-,-,-,-,-,-,-,-,-,-,DI,NIRCAM.F335M+F250M+F300M+F444W,Failed,GTO,2780,Gaspar
HD-181327,-,-,-,-,-,-,-,-,-,-,DI,NIRCAM.F335M+F250M+F300M+F444W,Archived,GTO,2780,Gaspar
HD-181327-PSF,-,-,-,-,-,-,-,-,-,-,DI,NIRCAM.F335M+F250M+F300M+F444W,Archived,GTO,2780,Gaspar
HD-61005,-,-,-,-,-,-,-,-,-,-,DI,NIRCAM.F335M+F250M+F300M+F444W,Skipped,GTO,2780,Gaspar
HD-61005,-,-,-,-,-,-,-,-,-,-,DI,NIRCAM.F335M+F250M+F300M+F444W,Skipped,GTO,2780,Gaspar
HD-61005,-,-,-,-,-,-,-,-,-,-,DI,NIRCAM.F335M+F250M+F300M+F444W,Archived,GTO,2780,Gaspar
HD-61005,-,-,-,-,-,-,-,-,-,-,DI,NIRCAM.F335M+F250M+F300M+F444W,Archived,GTO,2780,Gaspar
HD-61005-PSF,-,-,-,-,-,-,-,-,-,-,DI,NIRCAM.F335M+F250M+F300M+F444W,Archived,GTO,2780,Gaspar
HD-61005-PSF,-,-,-,-,-,-,-,-,-,-,DI,NIRCAM.F335M+F250M+F300M+F444W,Failed,GTO,2780,Gaspar
HD-32297,-,-,-,-,-,-,-,-,-,-,DI,NIRCAM.F335M+F250M+F300M+F444W,Failed,GTO,2780,Gaspar
HD-32297,-,-,-,-,-,-,-,-,-,-,DI,NIRCAM.F335M+F250M+F300M+F444W,Failed,GTO,2780,Gaspar
HD-32297-PSF,-,-,-,-,-,-,-,-,-,-,DI,NIRCAM.F335M+F250M+F300M+F444W,Failed,GTO,2780,Gaspar
HD-32297,-,-,-,-,-,-,-,-,-,-,DI,NIRCAM.F335M+F250M+F300M+F444W,Archived,GTO,2780,Gaspar
HD-32297,-,-,-,-,-,-,-,-,-,-,DI,NIRCAM.F335M+F250M+F300M+F444W,Archived,GTO,2780,Gaspar
HD-32297-PSF2,-,-,-,-,-,-,-,-,-,-,DI,NIRCAM.F335M+F250M+F300M+F444W,Archived,GTO,2780,Gaspar
HR-4796A,-,-,-,-,-,-,-,-,-,-,DI,NIRCAM.F444W+F444W+F444W+F444W+F444W+F444W+F444W+F444W+F444W+F444W+F444W+F444W,PendingSubmission,GO,3087,Ren
HR-4796A,-,-,-,-,-,-,-,-,-,-,DI,NIRCAM.F444W+F444W+F444W+F444W+F444W+F444W+F444W+F444W+F444W+F444W+F444W+F444W,PendingSubmission,GO,3087,Ren
HR-4735,-,-,-,-,-,-,-,-,-,-,DI,NIRCAM.F444W+F444W+F444W+F444W+F444W+F444W+F444W+F444W+F444W+F444W+F444W+F444W,PendingSubmission,GO,3087,Ren
LKCA15,LkCa 15 b,0.0,0.0,nan,nan,nan,nan,nan,nan,12.025,DI,MIRI.F1140C,Failed,GO,3254,Benisty
LKCA15-SCI-BACKGROUND,-,-,-,-,-,-,-,-,-,-,DI,MIRI.F1140C,Failed,GO,3254,Benisty
LKCA15-SCI-BACKGROUND,-,-,-,-,-,-,-,-,-,-,DI,MIRI.F1140C,Failed,GO,3254,Benisty
LKCA15-REFERENCE,-,-,-,-,-,-,-,-,-,-,DI,MIRI.F1140C,Failed,GO,3254,Benisty
LKCA15,LkCa 15 b,0.0,0.0,nan,nan,nan,nan,nan,nan,12.025,DI,MIRI.F1140C,Archived,GO,3254,Benisty
LKCA15-SCI-BACKGROUND,-,-,-,-,-,-,-,-,-,-,DI,MIRI.F1140C,Archived,GO,3254,Benisty
LKCA15-SCI-BACKGROUND,-,-,-,-,-,-,-,-,-,-,DI,MIRI.F1140C,Archived,GO,3254,Benisty
LKCA15-REFERENCE,-,-,-,-,-,-,-,-,-,-,DI,MIRI.F1140C,Archived,GO,3254,Benisty
J1842,-,-,-,-,-,-,-,-,-,-,DI,MIRI.F1140C,Archived,GO,3254,Benisty
J1842-SCI-BACKGROUND,-,-,-,-,-,-,-,-,-,-,DI,MIRI.F1140C,Archived,GO,3254,Benisty
J1842-SCI-BACKGROUND,-,-,-,-,-,-,-,-,-,-,DI,MIRI.F1140C,Archived,GO,3254,Benisty
J1842-REFERENCE,-,-,-,-,-,-,-,-,-,-,DI,MIRI.F1140C,Archived,GO,3254,Benisty
J1615,-,-,-,-,-,-,-,-,-,-,DI,MIRI.F1140C,Archived,GO,3254,Benisty
J1615-SCI-BACKGROUND,-,-,-,-,-,-,-,-,-,-,DI,MIRI.F1140C,Archived,GO,3254,Benisty
J1615-SCI-BACKGROUND,-,-,-,-,-,-,-,-,-,-,DI,MIRI.F1140C,Archived,GO,3254,Benisty
J1615-REFERENCE,-,-,-,-,-,-,-,-,-,-,DI,MIRI.F1140C,Archived,GO,3254,Benisty
SYCHA,-,-,-,-,-,-,-,-,-,-,DI,MIRI.F1140C,Archived,GO,3254,Benisty
SYCHA-BACKGROUND,-,-,-,-,-,-,-,-,-,-,DI,MIRI.F1140C,Archived,GO,3254,Benisty
SYCHA-BACKGROUND,-,-,-,-,-,-,-,-,-,-,DI,MIRI.F1140C,Archived,GO,3254,Benisty
SYCHA-REFERENCE,-,-,-,-,-,-,-,-,-,-,DI,MIRI.F1140C,Archived,GO,3254,Benisty
14-HER,14 Her b,-1.0,-1.0,8.053,2559.47216,1.12,12.6,nan,K0 V,6.61935,DI,NIRCAM.F444W,Archived,GO,3337,BardalezGagliuffi
14-HER,14 Her b,0.0,0.0,8.053,2559.47216,1.12,12.6,nan,K0 V,6.61935,DI,NIRCAM.F444W,Archived,GO,3337,BardalezGagliuffi
HD-144002,-,-,-,-,-,-,-,-,-,-,DI,NIRCAM.F444W,Archived,GO,3337,BardalezGagliuffi
TWA7,-,-,-,-,-,-,-,-,-,-,DI,MIRI.F1140C,Archived,GO,3662,Lagrange
TWA7,-,-,-,-,-,-,-,-,-,-,DI,MIRI.F1140C,Archived,GO,3662,Lagrange
TWA7-BACKGROUND,-,-,-,-,-,-,-,-,-,-,DI,MIRI.F1140C,Archived,GO,3662,Lagrange
CD-23-9765,-,-,-,-,-,-,-,-,-,-,DI,MIRI.F1140C,Archived,GO,3662,Lagrange
CD-23-9765-BACKGROUND,-,-,-,-,-,-,-,-,-,-,DI,MIRI.F1140C,Archived,GO,3662,Lagrange
HD-181327,-,-,-,-,-,-,-,-,-,-,DI,MIRI.F1140C,Archived,GO,3662,Lagrange
HD-181327,-,-,-,-,-,-,-,-,-,-,DI,MIRI.F1140C,Archived,GO,3662,Lagrange
HD-181327-BACKGROUND,-,-,-,-,-,-,-,-,-,-,DI,MIRI.F1140C,Archived,GO,3662,Lagrange
HD-203010,-,-,-,-,-,-,-,-,-,-,DI,MIRI.F1140C,Archived,GO,3662,Lagrange
HD-203010-background,-,-,-,-,-,-,-,-,-,-,DI,MIRI.F1140C,Archived,GO,3662,Lagrange
2MJ0944,-,-,-,-,-,-,-,-,-,-,DI,NIRCAM.F444W+F356W,Archived,GO,3840,Bogat
2MJ0944,-,-,-,-,-,-,-,-,-,-,DI,NIRCAM.F444W+F356W,Archived,GO,3840,Bogat
V-AP-COL,-,-,-,-,-,-,-,-,-,-,DI,NIRCAM.F444W+F356W,Archived,GO,3840,Bogat
FOMALHAUT,-,-,-,-,-,-,-,-,-,-,DI,NIRCAM.F444W,Archived,GO,3925,Beichman
FOMALHAUT,-,-,-,-,-,-,-,-,-,-,DI,NIRCAM.F444W,Archived,GO,3925,Beichman
FOMALHAUT,-,-,-,-,-,-,-,-,-,-,DI,NIRCAM.F356W,Archived,GO,3925,Beichman
FOMALHAUT,-,-,-,-,-,-,-,-,-,-,DI,NIRCAM.F356W,Archived,GO,3925,Beichman
ELIAS2-27,-,-,-,-,-,-,-,-,-,-,DI,NIRCAM.F444W,Archived,GO,3947,Bowler
ELIAS2-27,-,-,-,-,-,-,-,-,-,-,DI,NIRCAM.F444W,Archived,GO,3947,Bowler
HD-150178,-,-,-,-,-,-,-,-,-,-,DI,NIRCAM.F444W,Archived,GO,3947,Bowler
IM-LUP,-,-,-,-,-,-,-,-,-,-,DI,NIRCAM.F444W,Archived,GO,3947,Bowler
IM-LUP,-,-,-,-,-,-,-,-,-,-,DI,NIRCAM.F444W,Archived,GO,3947,Bowler
HD-137749,-,-,-,-,-,-,-,-,-,-,DI,NIRCAM.F444W,Archived,GO,3947,Bowler
AB-AUR,AB Aur b,0.0,0.0,9.0,2860.45566,1.12,12.5,nan,nan,7.076,DI,NIRCAM.F444W,Failed,GO,3947,Bowler
AB-AUR,AB Aur b,0.0,0.0,9.0,2860.45566,1.12,12.5,nan,nan,7.076,DI,NIRCAM.F444W,Failed,GO,3947,Bowler
HD-35600,-,-,-,-,-,-,-,-,-,-,DI,NIRCAM.F444W,Failed,GO,3947,Bowler
AB-AUR,AB Aur b,0.0,0.0,9.0,2860.45566,1.12,12.5,nan,nan,7.076,DI,NIRCAM.F444W,Archived,GO,3947,Bowler
AB-AUR,AB Aur b,0.0,0.0,9.0,2860.45566,1.12,12.5,nan,nan,7.076,DI,NIRCAM.F444W,Archived,GO,3947,Bowler
HD-35600,-,-,-,-,-,-,-,-,-,-,DI,NIRCAM.F444W,Archived,GO,3947,Bowler
WAOPH6,-,-,-,-,-,-,-,-,-,-,DI,NIRCAM.F444W,Archived,GO,3947,Bowler
WAOPH6,-,-,-,-,-,-,-,-,-,-,DI,NIRCAM.F444W,Archived,GO,3947,Bowler
HD-153135,-,-,-,-,-,-,-,-,-,-,DI,NIRCAM.F444W,Archived,GO,3947,Bowler
RU-LUP,-,-,-,-,-,-,-,-,-,-,DI,NIRCAM.F444W,Archived,GO,3947,Bowler
RU-LUP,-,-,-,-,-,-,-,-,-,-,DI,NIRCAM.F444W,Archived,GO,3947,Bowler
TYC-7320-262-1,-,-,-,-,-,-,-,-,-,-,DI,NIRCAM.F444W,Archived,GO,3947,Bowler
HD-53143,-,-,-,-,-,-,-,-,-,-,DI,NIRCAM.F444W,Archived,GO,3973,Pearce
HD-53143,-,-,-,-,-,-,-,-,-,-,DI,NIRCAM.F444W,Archived,GO,3973,Pearce
HD-37501,-,-,-,-,-,-,-,-,-,-,DI,NIRCAM.F444W,Archived,GO,3973,Pearce
HD21997,-,-,-,-,-,-,-,-,-,-,DI,NIRCAM.F444W,Archived,GO,3989,Hinkley
HD25945,-,-,-,-,-,-,-,-,-,-,DI,NIRCAM.F444W,Archived,GO,3989,Hinkley
HD92945,-,-,-,-,-,-,-,-,-,-,DI,NIRCAM.F444W,Archived,GO,3989,Hinkley
HD92921,-,-,-,-,-,-,-,-,-,-,DI,NIRCAM.F444W,Archived,GO,3989,Hinkley
HD202628,-,-,-,-,-,-,-,-,-,-,DI,NIRCAM.F444W,Archived,GO,3989,Hinkley
HD190580,-,-,-,-,-,-,-,-,-,-,DI,NIRCAM.F444W,Archived,GO,3989,Hinkley
HD195627,-,-,-,-,-,-,-,-,-,-,DI,NIRCAM.F444W,Archived,GO,3989,Hinkley
HD197051,-,-,-,-,-,-,-,-,-,-,DI,NIRCAM.F444W,Archived,GO,3989,Hinkley
HD109085,-,-,-,-,-,-,-,-,-,-,DI,NIRCAM.F444W,Failed,GO,3989,Hinkley
HD114642,-,-,-,-,-,-,-,-,-,-,DI,NIRCAM.F444W,Failed,GO,3989,Hinkley
HD109085,-,-,-,-,-,-,-,-,-,-,DI,NIRCAM.F444W,FlightReady,GO,3989,Hinkley
HD114642,-,-,-,-,-,-,-,-,-,-,DI,NIRCAM.F444W,FlightReady,GO,3989,Hinkley
HD164249,-,-,-,-,-,-,-,-,-,-,DI,NIRCAM.F444W,Archived,GO,3989,Hinkley
HD161915,-,-,-,-,-,-,-,-,-,-,DI,NIRCAM.F444W,Archived,GO,3989,Hinkley
HD113337,HD 113337 b,0.0,0.0,3.259,1035.80278,1.17,13.1,nan,F6 V,6.02078,DI,NIRCAM.F444W,Archived,GO,3989,Hinkley
HD125161,-,-,-,-,-,-,-,-,-,-,DI,NIRCAM.F444W,Archived,GO,3989,Hinkley
HD-36575,-,-,-,-,-,-,-,-,-,-,DI,NIRCAM.F430M,Archived,GO,4014,Wagner
MWC758,MWC 758 c,0.0,0.0,nan,nan,nan,nan,500.0,A8Ve,8.270001,DI,NIRCAM.F430M,Archived,GO,4014,Wagner
MWC758,MWC 758 c,-1.0,-1.0,nan,nan,nan,nan,500.0,A8Ve,8.270001,DI,NIRCAM.F430M,Archived,GO,4014,Wagner
TWA-43,-,-,-,-,-,-,-,-,-,-,DI,NIRCAM.F444W,Archived,GO,4050,Carter
TWA-11A,-,-,-,-,-,-,-,-,-,-,DI,NIRCAM.F444W,Archived,GO,4050,Carter
REF-I-VEL,-,-,-,-,-,-,-,-,-,-,DI,NIRCAM.F444W,Archived,GO,4050,Carter
TWA-9A,-,-,-,-,-,-,-,-,-,-,DI,NIRCAM.F444W,Archived,GO,4050,Carter
TWA-25,-,-,-,-,-,-,-,-,-,-,DI,NIRCAM.F444W,Archived,GO,4050,Carter
REF-HD-101581,-,-,-,-,-,-,-,-,-,-,DI,NIRCAM.F444W,Archived,GO,4050,Carter
TWA-12,-,-,-,-,-,-,-,-,-,-,DI,NIRCAM.F444W,Failed,GO,4050,Carter
TWA-13A,-,-,-,-,-,-,-,-,-,-,DI,NIRCAM.F444W,Failed,GO,4050,Carter
TWA-10,-,-,-,-,-,-,-,-,-,-,DI,NIRCAM.F444W,Failed,GO,4050,Carter
TWA-47,-,-,-,-,-,-,-,-,-,-,DI,NIRCAM.F444W,Failed,GO,4050,Carter
REF-CD-23-9765,-,-,-,-,-,-,-,-,-,-,DI,NIRCAM.F444W,Failed,GO,4050,Carter
TWA-12,-,-,-,-,-,-,-,-,-,-,DI,NIRCAM.F444W,Archived,GO,4050,Carter
TWA-13A,-,-,-,-,-,-,-,-,-,-,DI,NIRCAM.F444W,Archived,GO,4050,Carter
TWA-10,-,-,-,-,-,-,-,-,-,-,DI,NIRCAM.F444W,Archived,GO,4050,Carter
TWA-47,-,-,-,-,-,-,-,-,-,-,DI,NIRCAM.F444W,Archived,GO,4050,Carter
REF-CD-23-9765,-,-,-,-,-,-,-,-,-,-,DI,NIRCAM.F444W,Archived,GO,4050,Carter
TWA-8A,-,-,-,-,-,-,-,-,-,-,DI,NIRCAM.F444W,Archived,GO,4050,Carter
TWA-23A,-,-,-,-,-,-,-,-,-,-,DI,NIRCAM.F444W,Archived,GO,4050,Carter
TWA-20A,-,-,-,-,-,-,-,-,-,-,DI,NIRCAM.F444W,Archived,GO,4050,Carter
TWA-46,-,-,-,-,-,-,-,-,-,-,DI,NIRCAM.F444W,Archived,GO,4050,Carter
REF-HD-89063,-,-,-,-,-,-,-,-,-,-,DI,NIRCAM.F444W,Archived,GO,4050,Carter
TWA-7,-,-,-,-,-,-,-,-,-,-,DI,NIRCAM.F444W,Archived,GO,4050,Carter
TWA-33,-,-,-,-,-,-,-,-,-,-,DI,NIRCAM.F444W,Archived,GO,4050,Carter
TWA-45,-,-,-,-,-,-,-,-,-,-,DI,NIRCAM.F444W,Archived,GO,4050,Carter
TWA-35,-,-,-,-,-,-,-,-,-,-,DI,NIRCAM.F444W,Archived,GO,4050,Carter
REF-IRAS-09432-4847,-,-,-,-,-,-,-,-,-,-,DI,NIRCAM.F444W,Archived,GO,4050,Carter
TWA-34,-,-,-,-,-,-,-,-,-,-,DI,NIRCAM.F444W,Archived,GO,4050,Carter
J1058-2346,-,-,-,-,-,-,-,-,-,-,DI,NIRCAM.F444W,Archived,GO,4050,Carter
TWA-30A,-,-,-,-,-,-,-,-,-,-,DI,NIRCAM.F444W,Archived,GO,4050,Carter
TWA-36,-,-,-,-,-,-,-,-,-,-,DI,NIRCAM.F444W,Archived,GO,4050,Carter
TWA-44,-,-,-,-,-,-,-,-,-,-,DI,NIRCAM.F444W,Archived,GO,4050,Carter
REF-Y-Crt,-,-,-,-,-,-,-,-,-,-,DI,NIRCAM.F444W,Archived,GO,4050,Carter
TWA-26,-,-,-,-,-,-,-,-,-,-,DI,NIRCAM.F444W,Archived,GO,4050,Carter
TWA-29,-,-,-,-,-,-,-,-,-,-,DI,NIRCAM.F444W,Archived,GO,4050,Carter
REF-IRAS-13041-5653,-,-,-,-,-,-,-,-,-,-,DI,NIRCAM.F444W,Archived,GO,4050,Carter
V-DG-CRA,-,-,-,-,-,-,-,-,-,-,DI,NIRCAM.F444W,Archived,GO,4090,Ginski
V-DG-CRA,-,-,-,-,-,-,-,-,-,-,DI,NIRCAM.F444W,Archived,GO,4090,Ginski
UCAC4_267-178509,-,-,-,-,-,-,-,-,-,-,DI,NIRCAM.F444W,Archived,GO,4090,Ginski
ALTAIR,-,-,-,-,-,-,-,-,-,-,DI,NIRCAM.F444W,Archived,GTO,4534,Beichman
ALTAIR,-,-,-,-,-,-,-,-,-,-,DI,NIRCAM.F444W,Archived,GTO,4534,Beichman
VEGA,-,-,-,-,-,-,-,-,-,-,DI,NIRCAM.F444W,Archived,GTO,4534,Beichman
HD-218396,HR 8799 b,0.0,0.0,7.0,2000.0,1.2,13.0,1200.0,A5 V,5.98,DI,NIRCAM.F444W+F356W,Skipped,GTO,4535,Beichman
HD-218396,HR 8799 b,0.0,0.0,7.0,2000.0,1.2,13.0,1200.0,A5 V,5.98,DI,NIRCAM.F444W+F356W,Skipped,GTO,4535,Beichman
HD-97048,HD 97048 b,0.0,0.0,2.5,794.575,1.18,13.3,nan,Be9.5/AO,8.44,DI,NIRCAM.F444W,Implementation,GTO,4543,Leisenring
HD-97048,HD 97048 b,0.0,0.0,2.5,794.575,1.18,13.3,nan,Be9.5/AO,8.44,DI,NIRCAM.F444W,Implementation,GTO,4543,Leisenring
Ref_HD-105121,-,-,-,-,-,-,-,-,-,-,DI,NIRCAM.F444W,Implementation,GTO,4543,Leisenring
